en,ja,confidence
almost only counts in horseshoes and hand grenades,九分九厘は一分に及ばず,6
an apple a day keeps the doctor at bay,医者いらず,5
an apple a day keeps the doctor away,医者いらず,5
an army marches on its stomach,腹が減っては戦はできぬ,10
an englishman's home is his castle,我が家が一番,7
an englishman's home is his castle/a man's home is his castle,我が家が一番,7
an eye for an eye makes the whole world blind,仇を仇で返すな,6
"an eye for an eye, a tooth for a tooth",目には目を歯には歯を,10
an honest man doesn't need to remember much,嘘つきは泥棒の始まり,4
an image is worth a thousand words,百聞は一見にしかず,10
an ounce of prevention is better than a pound of cure,転ばぬ先の杖,10
an ounce of prevention is better than an ounce of cure,転ばぬ先の杖,10
an ounce of prevention is worth a pound of cure,転ばぬ先の杖,10
"another day, another dollar",今日も一日稼ぎ時,3
any exposure is good exposure,悪名は無名に勝る,8
any port in a storm,背に腹は代えられぬ,8
any press is good press,悪名は無名に勝る,9
any publicity is good publicity,悪名は無名に勝る,9
anything worth doing is hard,楽あれば苦あり,5
appearances are deceptive,見かけによらぬ,9
april showers bring forth may flowers,雨降って地固まる,7
april showers bring may flowers,雨降って地固まる,7
"art is long, life is short",芸は身を助ける,4
"as a dog returns to his vomit, so a fool repeats his folly",馬鹿は死ななきゃ治らない,7
"as a tree bends, so shall it grow",三つ子の魂百まで,9
"as one door closes, another opens",捨てる神あれば拾う神あり,10
as queer as a three dollar bill,胡散臭い,3
"as the mountain could not wait upon mahomet, mahomet would go to the mountain",来ぬなら来させてみせよう,2
"as the twig is bent, so is the tree inclined",三つ子の魂百まで,9
"as you have brewed, so you must drink",自業自得,9
"as you make your bed, so you must lie in it",自業自得,10
"as you make your bed, so you must lie upon it",自業自得,10
as you sow so shall you reap,因果応報,10
"as you sow, so shall you reap",因果応報,10
ask a silly question and you will get a silly answer,聞くは一時の恥聞かぬは一生の恥,4
"ask a silly question, get a silly answer",聞くは一時の恥聞かぬは一生の恥,4
"ask a stupid question, get a stupid answer",聞くは一時の恥聞かぬは一生の恥,3
ask no questions and hear no lies,知らぬが仏,9
at the end of my rope,泣きっ面に蜂,2
attack is the best form of defence,攻撃は最大の防御,10
attack is the best form of defense,攻撃は最大の防御,10
attitude reflects leadership,上に立つ者の器で部下が決まる,5
bad money drives out good,悪貨は良貨を駆逐する,10
bad news travels fast,悪事千里を走る,10
bad things come in threes,二度あることは三度ある,7
barking dogs never bite,弱い犬ほどよく吠える,9
barking dogs seldom bite,弱い犬ほどよく吠える,9
be yourself,自分らしく生きよ,4
beauty is but skin-deep,見かけによらぬもの,6
beauty is in the eye of the beholder,蓼食う虫も好き好き,10
beauty is only skin deep,見かけによらぬもの,6
beauty never boiled the pot,美人は三日で飽きる,3
beauty won't boil the pot,美人は三日で飽きる,3
beauty won't make the pot boil,美人は三日で飽きる,3
"before setting out on a mission of vengeance, dig two graves",人を呪わば穴二つ,10
beggars can't be choosers,背に腹は代えられぬ,8
beggars cannot be choosers,背に腹は代えられぬ,8
behind every great man is a great woman,内助の功,7
behind every great man there stands a woman,内助の功,7
"behind every great man, there is a great woman",内助の功,7
behind every successful man there stands a woman,内助の功,7
better an egg today than a hen tomorrow,明日の百より今日の五十,9
better is the enemy of good,過ぎたるは及ばざるがごとし,6
better late than never,遅れても来ないよりまし,7
better safe than sorry,転ばぬ先の杖,10
don't buy green bananas,人生万事塞翁が馬,3
don't change a winning team,勝って兜の緒を締めよ,6
don't count your chickens,捕らぬ狸の皮算用,10
don't count your chickens before the eggs have hatched,捕らぬ狸の皮算用,10
don't count your chickens before they're hatched,捕らぬ狸の皮算用,10
don't count your chickens before they've hatched,捕らぬ狸の皮算用,10
don't count your chicks,捕らぬ狸の皮算用,9
don't count your chicks before they hatch,捕らぬ狸の皮算用,10
don't count your chicks before they're hatched,捕らぬ狸の皮算用,10
don't cry over spilled milk,覆水盆に返らず,10
don't dip your pen in company ink,公私混同するな,6
don't drive faster than your guardian angel can fly,急がば回れ,7
don't fight the tape,時流には逆らうな,6
don't fish off the company dock,公私混同するな,7
don't get above your raising,分をわきまえよ,8
"don't get mad, get even",泣き寝入りするな,5
don't get your honey where you make your money,公私混同するな,7
don't get your hopes up,あまり期待するな,5
don't get your meat where you get your bread,公私混同するな,7
"don't hate the player, hate the game",ルールを恨まず人を恨むな,3
don't judge a book by its cover,人は見かけによらぬもの,10
don't keep a dog and bark yourself,餅は餅屋,7
don't look a gift horse in the mouth,もらい物に文句を言うな,8
don't mess with success,勝って兜の緒を締めよ,6
don't put all your eggs in one basket,一つの籠に卵を盛るな,6
don't sell the skin till you have caught the bear,捕らぬ狸の皮算用,10
don't shit in your own nest,自分の首を絞めるな,5
don't shit where you eat,自分の首を絞めるな,5
don't shoot the messenger,使いに罪はない,8
don't sweat the small stuff,小事にこだわるな,5
don't take any wooden nickels,うまい話には裏がある,7
don't teach your grandmother how to milk ducks,釈迦に説法,10
don't teach your grandmother to steal sheep,釈迦に説法,10
don't try to teach grandma how to suck eggs,釈迦に説法,10
"doubt is the beginning, not the end, of wisdom",疑うことは知恵の始まり,6
drastic times call for drastic measures,非常時には非常手段を,6
dripping water hollows a stone,雨だれ石を穿つ,10
"drive for show, putt for dough",勝負は最後までわからない,5
drunk words are sober thoughts,酔いどれの口から本音が出る,6
drunken words are sober thoughts,酔いどれの口から本音が出る,6
e pluribus unum,三人寄れば文殊の知恵,5
each to his own,十人十色,10
"early to bed and early to rise makes a man healthy, wealthy and wise",早寝早起きは三文の徳,10
"early to bed, early to rise, makes a man healthy, wealthy and wise",早寝早起きは三文の徳,10
easier said than done,言うは易く行うは難し,10
"east is east, and west is west",所変われば品変わる,6
"east, west, home is best",住めば都,9
"easy come, easy go",悪銭身につかず,9
"eat to live, not live to eat",腹八分目に医者いらず,6
"eat, drink and be merry",飲めや歌えや,6
"eat, drink and be merry for tomorrow we die",後は野となれ山となれ,5
"eat, drink and be merry, for tomorrow we die",後は野となれ山となれ,5
"eat, drink, and be merry",飲めや歌えや,6
"eat, drink, and be merry, for tomorrow we die",後は野となれ山となれ,5
eaten bread is soon forgotten,喉元過ぎれば熱さを忘れる,8
empty barrels make the most noise,能ある鷹は爪を隠す,8
empty cans make the most noise,能ある鷹は爪を隠す,8
empty vessels make the most noise,能ある鷹は爪を隠す,8
empty vessels make the most sound,能ある鷹は爪を隠す,8
enough is as good as a feast,過ぎたるは及ばざるが如し,9
est modus in rebus,何事もほどほどが肝心,7
even a blind pig can find an acorn,猿も木から落ちる,4
even a blind pig can find an acorn once in a while,下手な鉄砲も数撃ちゃ当たる,8
even a blind squirrel can find a nut once in a while,下手な鉄砲も数撃ちゃ当たる,9
even a blind squirrel finds an acorn every now and then,下手な鉄砲も数撃ちゃ当たる,9
even a blind squirrel finds an acorn every once in a while,下手な鉄砲も数撃ちゃ当たる,9
even a broken clock is right twice a day,下手な鉄砲も数撃ちゃ当たる,7
even a stopped clock is right twice a day,下手な鉄砲も数撃ちゃ当たる,7
even a worm will turn,一寸の虫にも五分の魂,10
even from a foe a man may learn wisdom,敵に塩を送る,5
even homer nods,弘法も筆の誤り,10
even jove nods,弘法も筆の誤り,9
every barrel has a rotten apple,どこにでも一人は変わり者がいる,6
every cloud has a silver lining,災い転じて福となす,9
every dark cloud has a silver lining,災い転じて福となす,9
every day is a school day,生きることは学ぶこと,7
every dog has his day,犬にも日がある,10
every dog has its day,犬にも日がある,10
every dog must have his day,犬にも日がある,9
every dog must have its day,犬にも日がある,9
every jack has his jill,割れ鍋に綴じ蓋,9
every law has a loophole,法の網をくぐる,6
every law has its loophole,法の網をくぐる,6
every little bit helps,塵も積もれば山となる,10
every little helps,塵も積もれば山となる,10
every man for himself,我が身かわいさ,6
every man has a price,金の切れ目が縁の切れ目,5
every man has his price,金の切れ目が縁の切れ目,5
every man is the architect of his own fortune,人事を尽くして天命を待つ,6
every miller draws water to his own mill,我田引水,10
every picture tells a story,一枚の絵は千の言葉に勝る,7
every rose has a thorn,きれいな花には棘がある,10
every rose has its thorn,きれいな花には棘がある,10
every rule has an exception,例外のない規則はない,9
every shut eye isn't asleep,寝たふりをしているだけ,4
every stick has two ends,物事には裏表がある,6
every tide has its ebb,盛者必衰,7
everybody wants to go to heaven but nobody wants to die,骨折りなくして利得なし,6
everyone has their price,金の切れ目が縁の切れ目,5
everything comes to those who wait,果報は寝て待て,10
everything happens for a reason,無駄なことは何一つない,6
everything is fair in love and war,恋と戦は手段を選ばず,8
everything old is new again,歴史は繰り返す,6
evil be to him who evil thinks,人を呪わば穴二つ,8
experience is the best teacher,経験は最良の教師,8
fact is stranger than fiction,事実は小説より奇なり,10
facts speak louder than words,事実は雄弁に語る,6
failure is the best teacher,失敗は成功のもと,10
failure to prepare is preparing to fail,備えあれば憂いなし,8
faint heart never won fair lady,当たって砕けろ,7
fair exchange is no robbery,持ちつ持たれつ,6
faith can move mountains,信念は山をも動かす,7
faith will move mountains,信念は山をも動かす,7
"fall seven times, stand up eight",七転び八起き,10
false friends are worse than open enemies,仮面の友は露骨な敵よりたちが悪い,4
familiarity breeds contempt,親しき仲にも礼儀あり,8
fas est et ab hoste doceri,敵に学ぶ,6
fight fire with fire,毒をもって毒を制す,10
finders keepers,拾う神あれば捨てる神あり,4
"finders, keepers",拾う神あれば捨てる神あり,4
fine feathers make fine birds,馬子にも衣装,10
fine words butter no parsnips,口先だけでは腹はふくれぬ,6
first catch your hare,捕らぬ狸の皮算用,7
"first come, first served",早い者勝ち,10
first impressions are the most lasting,第一印象が肝心,7
first things first,急がば回れ,5
fish always rots from the head downwards,上が腐れば下も腐る,7
flattery will get you nowhere,お世辞は身を滅ぼす,4
"fool me once, shame on you; fool me twice, shame on me",二度あることは三度ある,4
fools rush in,短気は損気,4
fools rush in where angels fear to tread,君子危うきに近寄らず,8
for want of a nail the shoe was lost; for want of a shoe the horse was lost; and for want of a horse the man was lost,釘一本馬一頭,3
forbidden fruit is the sweetest,押してはならぬと言うほど押したくなる,5
forewarned is forearmed,備えあれば憂いなし,9
"forewarned, forearmed",備えあれば憂いなし,9
fortune favors the bold,虎穴に入らずんば虎子を得ず,10
fortune favors the brave,虎穴に入らずんば虎子を得ず,10
he who pays the piper calls the tune,金を出す者が口を出す,9
he who sups with the devil should have a long spoon,蛇の道は蛇,4
health is wealth,健康は富にまさる,8
health is your first wealth,健康第一,9
heaven helps those that help themselves,天は自ら助くる者を助く,10
heaven helps those who help themselves,天は自ら助くる者を助く,10
hell has no fury like a woman scorned,女の恨みは恐ろしい,9
hell hath no fury like a woman scorned,女の恨みは恐ろしい,9
"hell hath no fury like a woman scorned; heav'n has no rage, like love to hatred turn'd, nor hell a fury, like a woman scorn'd",女の恨みは恐ろしい,8
"hell is full of good meanings, but heaven is full of good works",地獄への道は善意で舗装されている,7
"hic rhodus, hic salta",言うは易く行うは難し,7
hindsight is 20/20,後知恵は誰でも名人,7
hindsight is always twenty-twenty,後知恵は誰でも名人,7
history is written by the victors,勝てば官軍負ければ賊軍,10
history repeats itself,歴史は繰り返す,10
home is where the heart is,住めば都,9
home is where you hang your hat,住めば都,8
honesty is the best policy,正直は最良の策,8
honey catches more flies than vinegar,笑う門には福来たる,5
"hope for the best, and prepare for the worst",最善を望み最悪に備えよ,8
"hope for the best, prepare for the worst",最善を望み最悪に備えよ,8
hope springs eternal,望みは人の命,7
hope springs eternal in the human breast,望みは人の命,7
horses for courses,適材適所,10
how you get them is how you lose them,悪銭身につかず,6
hunger is a good sauce,空腹にまずい物なし,10
hunger is the best pickle,空腹にまずい物なし,9
hunger is the best sauce,空腹は最上のソース,9
hunger is the best seasoning,空腹にまずい物なし,9
hunger is the best spice,空腹にまずい物なし,9
hunt where the ducks are,柳の下のドジョウを狙う,5
"if wishes were horses, beggars might ride",捕らぬ狸の皮算用,8
"if wishes were horses, beggars would ride",捕らぬ狸の皮算用,8
"if you aim at nothing, you'll hit it every time",狙わなければ当たらない,6
"if you build it, they will come",虎穴に入らずんば虎子を得ず,5
"if you can't be good, be careful",君子危うきに近寄らず,6
"if you can't beat them, join them",長いものには巻かれろ,10
"if you can't do the time, don't do the crime",悪事身に仇,6
"if you can't lick them, join them",長いものには巻かれろ,10
"if you can't live longer, live deeper",短く太く生きる,7
"if you can't stand the heat, get out of the kitchen",嫌ならやめろ,6
"if you find yourself in a hole, the first thing to do is stop digging",傷口に塩を塗るな,5
"if you fly with the crows, you get shot with the crows",朱に交われば赤くなる,9
"if you give a mouse a cookie, he'll always ask for a glass of milk",一度許せば二度三度,6
"if you lie down with dogs, you get up with fleas",朱に交われば赤くなる,9
"if you lie down with dogs, you will get up with fleas",朱に交われば赤くなる,9
if you lie with dogs you will get fleas,朱に交われば赤くなる,9
"if you mess with the bull, you get the horns",虎の尾を踏むな,7
"if you pay bananas, you get monkeys",安物買いの銭失い,7
"if you pay peanuts, you get monkeys",安物買いの銭失い,9
"if you play with fire, you will get burned",火遊びは身を滅ぼす,9
"if you think that you know everything, then you're a jack ass",知ったかぶりは恥のもと,6
"if you want a thing done well, do it yourself",人に頼むより自分でやれ,8
"if you want peace, prepare for war",備えあれば憂いなし,8
"if you're growing in age, then you're nearing to the graveyard",生者必滅,7
"if you've got it, flaunt it",持てる者は見せたがる,4
ignorance is bliss,知らぬが仏,10
ill doers are ill deemers,人を疑う者は自らやましい,4
ill news spreads apace,悪事千里を走る,10
ill-gotten gains never prosper,悪銭身につかず,10
imitation is the sincerest form of flattery,真似は最大の賛辞,5
"in for a dime, in for a dollar",毒を食らわば皿まで,8
"in for a penny, in for a pound",毒を食らわば皿まで,10
"in for an inch, in for a mile",毒を食らわば皿まで,9
it is never too late,思い立ったが吉日,8
it is no use crying over spilt milk,覆水盆に返らず,10
it is no use locking the stable door after the horse has bolted,後の祭り,9
"it is not enough to learn how to ride, you must also learn how to fall",転ばぬ先の杖,6
it is not the whistle that pulls the train,口先だけでは動かない,5
it is the early bird that gets the worm,早起きは三文の徳,10
it is the empty can that makes the most noise,能ある鷹は爪を隠す,8
it is the last straw that breaks the camel's back,堪忍袋の緒が切れる,8
it is the squeaky wheel that gets the grease,泣く子は餅を多くもらえる,9
it is what it is,なるようにしかならない,9
it isn't over 'til the fat lady sings,終わり良ければすべて良し,6
it isn't over till the fat lady sings,終わり良ければすべて良し,6
it isn't over until the fat lady sings,終わり良ければすべて良し,6
it isn't the whistle that pulls the train,口先だけでは動かない,5
it needs a hundred lies to cover a single lie,嘘つきは泥棒の始まり,6
it never rains but it pours,弱り目に祟り目,9
it never rains but that it pours,弱り目に祟り目,9
it pays to advertise,鳴かぬ蛍が身を焦がす,2
it takes a heap o' livin' to make a house a home,住めば都,7
it takes a heap of living to make a house a home,住めば都,7
it takes a lot of living to make a house a home,住めば都,7
it takes a thief to catch a thief,蛇の道は蛇,9
it takes all kinds,十人十色,9
it takes all kinds to make a world,十人十色,9
it takes all sorts,十人十色,9
it takes all sorts to make a world,十人十色,9
it takes one to know one,同病相憐れむ,6
it takes two to make a quarrel,喧嘩両成敗,8
it takes two to quarrel,喧嘩両成敗,8
it takes two to tango,喧嘩両成敗,7
it will be the same a hundred years hence,百年一日の如し,5
it will come back and haunt you,自業自得,8
it's a long road that has no turning,待てば海路の日和あり,7
it's a man's world,男尊女卑,6
"it's a tough job, but someone's got to do it",誰かがやらねばならぬ,8
it's all fun and games until someone loses an eye,冗談にもほどがある,5
it's an ill bird that fouls its own nest,親の名を汚すな,4
it's an ill wind that blows no good,災い転じて福となす,9
it's an ill wind that blows no one any good,災い転じて福となす,9
it's an ill wind that blows nobody any good,災い転じて福となす,9
it's an ill wind that blows nobody good,災い転じて福となす,9
it's better to ask forgiveness than permission,許可より謝罪,3
it's easier to ask forgiveness than to get permission,許可より謝罪,3
it's greek to me,ちんぷんかんぷんだ,10
it's lonely at the top,頂点は孤独だ,4
it's never too late to mend,善は急げ,4
it's not over 'til the fat lady sings,終わり良ければすべて良し,5
it's not over till the fat lady sings,終わり良ければすべて良し,5
it's not over until the fat lady sings,終わり良ければすべて良し,5
it's not what you know but who you know,世の中コネ次第,7
it's not what you know but whom you know,世の中コネ次第,7
it's not what you say but how you say it,言い方ひとつ,8
it's the hit dog that howls,図星を刺されると痛い,6
it's the little things,小さなことが大きな違いを生む,5
it's the thought that counts,気は心,10
"jack of all trades, master of none/one/some",器用貧乏,9
"judge not, lest ye be judged",人を呪わば穴二つ,6
"judge not, that ye be not judged",人を呪わば穴二つ,6
"judge not, that you be not judged",人を呪わば穴二つ,6
justice delayed is justice denied,遅すぎる正義は正義にあらず,6
justice is blind,法の下の平等,7
karma is a bitch,因果応報,10
karma's a bitch,因果応報,10
keep your chin up,くよくよするな,8
keep your friends close and your enemies closer,敵を知り己を知れば百戦危うからず,6
"keep your friends close, and your enemies closer",敵を知り己を知れば百戦危うからず,6
keep your powder dry,備えあれば憂いなし,9
kids will be kids,子どもは子どもらしくて当たり前,6
might makes right,弱肉強食,9
mighty oaks from little acorns grow,大樹は小さな苗から,7
misery enjoys company,同病相憐れむ,9
misery loves company,同病相憐れむ,10
misfortunes never come alone,泣きっ面に蜂,9
misfortunes never come singly,泣きっ面に蜂,9
moderation in all things,過ぎたるは及ばざるが如し,10
money can't buy happiness,金で幸せは買えない,8
money cannot buy happiness,金で幸せは買えない,8
"money demands care, you abuse it and it disappears",金は天下の回りもの,5
money does not grow on trees,金のなる木はない,10
money does not smell,金に色なし,6
money does not stink,金に色なし,6
money doesn't grow on trees,金のなる木はない,10
"money earned by deceit, goes by deceit",悪銭身につかず,10
money has no smell,金に色なし,6
money is not everything,金が全てではない,8
money is the root of all evil,金は諸悪の根源,10
"money makes many things, but also makes devil dance",地獄の沙汰も金次第,8
money makes the world go around,世の中金次第,9
money talks,金の力は偉大だ,6
"more haste, less speed",急がば回れ,10
mud sticks,一度ついた悪評は消えない,5
murder will out,悪事千里を走る,8
music has charms to soothe the savage beast,音楽は心の薬,5
my enemy's enemy is my friend,敵の敵は味方,10
ne'er cast a clout till may be out,暑さ寒さも彼岸まで,6
nearly never won the race,九分九厘は一分の零,4
necessity is the mother of innovation,必要は発明の母,9
necessity is the mother of invention,必要は発明の母,10
necessity knows no law,窮すれば鈍する,6
needs must when the devil drives,背に腹は代えられぬ,8
neither a borrower nor a lender be,借りるも貸すも末を思え,7
never ask the barber if you need a haircut,餅は餅屋,3
never cast a clout until may be out,暑さ寒さも彼岸まで,7
never change a running system,触らぬ神に祟りなし,7
never give a sucker an even break,カモがネギをしょってくる,6
never judge a book by its cover,人は見かけによらぬもの,10
never let the sun go down on your anger,一夜の恨みを残すな,4
never look a gift horse in the mouth,ただより高い物はない,5
never meet your heroes,会わぬが仏,8
never put off until tomorrow what you can do today,今日できることは明日に延ばすな,9
"never reveal a man's wage, and woman's age",給料と年齢は聞くな,3
never say die,七転び八起き,8
never say never,絶対はない,8
never speak ill of the dead,死人に口なし,6
never tell tales out of school,内輪のことは外で言うな,4
never too old to learn,学びに遅すぎることはない,8
new brooms sweep clean,新参者は張り切る,4
nice guys finish last,お人よしは損をする,9
"no bucks, no buck rogers",金の切れ目が縁の切れ目,5
no gain without pain,虎穴に入らずんば虎子を得ず,8
no good deed ever goes unpunished,善意があだになる,6
no good deed goes unpunished,善意があだになる,7
"no guts, no glory",当たって砕けろ,9
no man can serve two masters,二兎を追う者は一兎をも得ず,7
no man is an island,人は一人では生きていけない,7
"no matter how much milk you put in coffee, it's still coffee",三つ子の魂百まで,5
"no matter how much milk you put in tea, it's still tea",三つ子の魂百まで,5
"no matter how thin you slice it, it's still baloney",どんぐりの背比べ,6
"no matter how thin you slice it, it's still boloney",どんぐりの背比べ,6
"no matter how you slice it, it's still the same old baloney",どんぐりの背比べ,6
"no mill, no meal",蒔かぬ種は生えぬ,8
no news is good news,知らぬが仏,8
no one can make you feel inferior without your consent,人は人、自分は自分,6
no one is born a master,上手の手習い,7
no one should be judge in his own case,我が身かわいさの欲目,6
no one should be judge in his own cause,我が身かわいさの欲目,6
"no pain, no gain",虎穴に入らずんば虎子を得ず,9
no peace for the weary,弱り目に祟り目,6
no rest for the weary,弱り目に祟り目,6
no rest for the wicked,因果応報,7
no rose without a thorn,楽あれば苦あり,8
no sleep for the wicked,因果応報,7
no smoke without fire,火のない所に煙は立たぬ,10
no time like the present,思い立ったが吉日,10
not all heroes wear capes,縁の下の力持ち,9
not all those who wander are lost,急がば回れ,5
nothing gold can stay,盛者必衰,9
nothing is certain but death and taxes,生者必滅,7
nothing is said that has not been said before,何事も言い尽くされたことばかり,3
nothing new under the sun,日新月異ならず,2
nothing succeeds like success,勝てば官軍,7
"nothing ventured, nothing gained",虎穴に入らずんば虎子を得ず,10
oil and water do not mix,水と油,10
oil and water don't mix,水と油,10
old habits die hard,三つ子の魂百まで,9
old sins cast long shadows,悪事千里を走る,7
one man's terrorist is another man's freedom fighter,立場が変われば見方も変わる,8
one man's trash is another man's treasure,人の嫌がることの中に道がある,5
one may as well hang for a sheep as a lamb,どうせなら大きく賭けよ,3
one might as well be hanged for a sheep as a lamb,どうせなら大きく賭けよ,3
one nail drives out another,去る者は日々に疎し,3
one should never meet one's heroes,会わぬが仏,7
one swallow does not a spring make,一花咲いても春ならず,4
one swallow does not a summer make,一花咲いても春ならず,6
one swallow does not make a spring,一花咲いても春ならず,4
one swallow does not make a summer,一花咲いても春ならず,6
one swallow doesn't a spring make,一花咲いても春ならず,4
one swallow doesn't a summer make,一花咲いても春ならず,6
one swallow doesn't make a spring,一花咲いても春ならず,4
one swallow doesn't make a summer,一花咲いても春ならず,6
"one who believes in sword, dies by the sword",剣を取る者は剣に倒れる,9
one who hesitates is lost,好機逸すべからず,7
"one who speaks only one language is one person, but one who speaks two languages is two people",一つ言葉を覚えれば一つ人間が増える,6
one woman's trash is another woman's treasure,人の嫌がることの中に道がある,5
one year's seeding makes seven years weeding,一粒万倍,4
one's time is one's own,時は金なり,4
only dead fish go with the flow,流れに逆らってこそ魚は生きる,3
only nixon can go to china,毒をもって毒を制す,3
only nixon could go to china,毒をもって毒を制す,3
only the good die young,佳人薄命,9
only time will tell,時が物語る,6
open confession is good for the soul,罪を憎んで人を憎まず,3
opinions are like assholes,十人十色,8
opportunity does not knock until you build a door,運も実力のうち,5
opportunity knocks at every man's door,好機は誰にも一度は訪れる,5
opportunity makes a thief,魔が差す,6
opportunity makes the thief,魔が差す,6
opportunity never knocks twice at any man's door,好機逸すべからず,8
opportunity seldom knocks twice,好機逸すべからず,8
opposites attract,割れ鍋に綴じ蓋,7
"other days, other ways",昔と今とは大違い,6
other times other manners,昔と今とは大違い,6
"right or wrong, my country",国に二言はない,6
risk it for a biscuit,虎穴に入らずんば虎子を得ず,10
rome was not built in a day,ローマは一日にして成らず,10
rome was not built in one day,ローマは一日にして成らず,10
rome wasn't built in a day,ローマは一日にして成らず,10
"rubbish in, rubbish out",出る釘は打たれる,1
rules are made to be broken,破るためにあるのがルールだ,7
rules are meant to be broken,破るためにあるのがルールだ,7
rules are rules,決まりは決まりだ,9
rules are there to be broken,破るためにあるのがルールだ,7
rules is rules,決まりは決まりだ,8
rules were made to be broken,破るためにあるのがルールだ,7
"same shit, different toilet",所変われば品変わる,4
sauce for the goose,同じ穴のむじな,2
scientia potentia est,知は力なり,10
"see a pin and pick it up, all the day you will have good luck; see a pin and let it lay, bad luck you will have all day",笑う門には福来たる,2
see naples and die,日光を見ずして結構と言うな,7
"see no evil, hear no evil, speak no evil",見ざる聞かざる言わざる,10
seeing is believing,百聞は一見にしかず,10
seek and ye shall find,求めよ、さらば与えられん,9
self-praise is no recommendation,手前味噌,6
set a beggar on horseback and he'll ride to the devil,にわか成金は身を滅ぼす,6
set a thief to catch a thief,蛇の道は蛇,8
shallow brooks are noisy,浅瀬に水音高し,10
shared joy is double joy,喜びは分かち合えば倍になる,6
shared sorrow is half sorrow,悲しみは分かち合えば半分になる,6
shiny are the distant hills,隣の芝生は青い,10
shirtsleeves to shirtsleeves in three generations,三代目は家をつぶす,7
shit rolls downhill,上から下への物言い,3
"shoemaker, stick to your last",餅は餅屋,10
short accounts make long friends,金の切れ目が縁の切れ目,4
short reckonings make long friends,金の切れ目が縁の切れ目,4
shrouds have no pockets,あの世へ金は持っていけない,6
shy bairns get noot,言わぬは買わぬに同じ,8
shy bairns get nowt,言わぬは買わぬに同じ,9
silence is consent,沈黙は同意,9
silence is golden,沈黙は金,10
sit crooked and talk straight,本音で腹を割って話す,6
slow and steady wins the race,急がば回れ,8
slow but sure,急がば回れ,7
slow but sure wins the race,急がば回れ,8
"slow is smooth, smooth is fast",急がば回れ,7
snake in the grass,羊の皮をかぶった狼,8
"softly, softly, catchee monkey",急がば回れ,6
some are more equal than others,弱肉強食,6
some days you eat the bear and some days the bear eats you,勝つ日もあれば負ける日もある,7
"some days you get the bear, other days the bear gets you",勝つ日もあれば負ける日もある,7
something is better than nothing,ないよりまし,10
sometimes you eat the bear and sometimes the bear eats you,勝つ日もあれば負ける日もある,7
sow the wind and reap the whirlwind,自業自得,9
"sow the wind, reap the whirlwind",自業自得,9
spare the rod and spoil the child,可愛い子には旅をさせよ,7
spare the rod and you will spoil the child,可愛い子には旅をさせよ,7
"spare the rod, spoil the child",可愛い子には旅をさせよ,7
speak as you find,思ったことははっきり言え,5
speak of the devil and he appears,噂をすれば影がさす,10
speak of the devil and he shall/is sure/will appear,噂をすれば影がさす,10
speak softly and carry a big stick,飴と鞭を使い分ける,6
speech is silver but) silence is golden,雄弁は銀、沈黙は金,10
"speech is silver, but silence is golden",雄弁は銀、沈黙は金,10
"speech is silver, silence is gold",雄弁は銀、沈黙は金,10
"speech is silver, silence is golden",雄弁は銀、沈黙は金,10
squeaky wheels get oiled,泣く子は餅を多くもらえる,9
start from where you are,千里の道も一歩から,8
sticks in a bundle are unbreakable,三本の矢,9
sticks in a bundle can't be broken,三本の矢,9
sticks in a bundle cannot be broken,三本の矢,9
still water runs deep,能ある鷹は爪を隠す,8
still waters run deep,能ある鷹は爪を隠す,8
strike while the iron is hot,鉄は熱いうちに打て,10
stupid is as stupid does,馬鹿は死ななきゃ治らない,7
"success depends on your backbone, not your wishbone",他力本願より自力本願,6
"success has many fathers, failure is an orphan",勝てば官軍負ければ賊軍,8
"success has many fathers, while failure is an orphan",勝てば官軍負ければ賊軍,8
sufficient unto the day is the evil thereof,明日のことを思い煩うな,5
sunlight is the best disinfectant,公明正大が一番の薬,4
take care of the pence and the pounds will take care of themselves,塵も積もれば山となる,7
take care of the pennies and the pounds will take care of themselves,塵も積もれば山となる,7
"take care of the pennies, and the pounds will take care of themselves",塵も積もれば山となる,7
take the cash and let the credit go,捕らぬ狸の皮算用,5
takes one to know one,同類相求む,6
talk is cheap,言うは易く行うは難し,9
"talk of the devil, and he is bound to appear",噂をすれば影がさす,10
tall oaks from little acorns grow,大樹も一粒のどんぐりから,4
teamwork makes the dream work,三人寄れば文殊の知恵,6
"tell me who your friends are, and i'll tell you who you are",類は友を呼ぶ,9
tell the truth and shame the devil,正直者が最後に勝つ,6
tempus fugit,光陰矢の如し,10
that which doesn't kill you makes you stronger,雨降って地固まる,7
that's how the cookie crumbles,世の中そんなものだ,7
that's the way it goes,世の中そんなものだ,8
that's the way life is,人生そんなものだ,7
that's the way the ball bounces,世の中そんなものだ,7
that's the way the cookie crumbles,世の中そんなものだ,7
that's the way the mop flops,世の中そんなものだ,6
the age of miracles is past,昔の夢は今いずこ,4
the darkest place is under the candlestick,灯台下暗し,10
the devil finds work for idle hands,小人閑居して不善をなす,10
the devil finds work for idle hands to do,小人閑居して不善をなす,10
the devil is in the detail,細部に宿る,7
the devil is in the details,細部に宿る,7
the devil makes work for idle hands,小人閑居して不善をなす,10
the devil that you know is better than the devil that you don't know,知らぬ神より馴染みの鬼,9
the devil we know is better than the devil we don't,知らぬ神より馴染みの鬼,9
the devil we know is better than the devil we don't know,知らぬ神より馴染みの鬼,9
the devil you know,知らぬ神より馴染みの鬼,8
the devil you know is better than the devil you don't,知らぬ神より馴染みの鬼,9
the devil you know is better than the devil you don't know,知らぬ神より馴染みの鬼,9
the die is cast,賽は投げられた,10
"the dogs bark, but the caravan goes on",犬が吠えてもキャラバンは進む,6
"the dogs bark, but the caravan moves on",犬が吠えてもキャラバンは進む,6
the early bird catches the worm,早起きは三文の徳,10
the early bird gets the worm,早起きは三文の徳,10
the end justifies the means,目的のためには手段を選ばない,9
the ends justify the means,目的のためには手段を選ばない,9
the enemy of my enemy is my friend,敵の敵は味方,10
the eyes are the window to the soul,目は口ほどに物を言う,8
the fewer the better fare,少人数は気楽でよい,4
the first step is always the hardest,始めが肝心,8
the fish rots from the head,上腐れば下も腐る,7
the forbidden fruit tastes the sweetest,押してはならぬと言うほど押したくなる,6
the game is not worth the candle,割に合わない,6
the good die young,佳人薄命,8
the grass is always greener,隣の芝生は青い,10
the nail that sticks out gets hammered down,出る杭は打たれる,10
the nail that sticks up gets hammered down,出る杭は打たれる,10
the nut does not fall far from the tree,蛙の子は蛙,10
the only disability in life is a bad attitude,病は気から,6
the only way to find a friend is to be one,情けは人のためならず,6
the pen is mightier than the sword,ペンは剣よりも強し,10
the perfect is the enemy of the good,過ぎたるは及ばざるが如し,6
the pitcher goes so often to the well that it is broken at last,釈迦も石の上から落ちる,3
the pot calling the kettle black,目くそ鼻くそを笑う,10
the proof is in the eating,論より証拠,8
the proof is in the pudding,論より証拠,8
the proof of the pudding is in the eating,論より証拠,9
the rich get richer,金持ち喧嘩せず,3
the rich get richer and the poor get poorer,弱肉強食,7
the road to hell is paved with good intentions,善意が必ずしも良い結果を生むとは限らない,3
the second mouse gets the cheese,急いては事を仕損じる,5
the shoemaker always wears the worst shoes,紺屋の白袴,10
the shoemaker's children go barefoot,紺屋の白袴,10
the shoemaker's son always goes barefoot,紺屋の白袴,10
the sky is the limit,青天井,7
the sky's the limit,青天井,7
the spirit is strong but the flesh is weak,言うは易く行うは難し,7
"the spirit is strong, but the flesh is weak",言うは易く行うは難し,7
the spirit is willing but the flesh is weak,言うは易く行うは難し,8
"the spirit is willing, but the flesh is weak",言うは易く行うは難し,8
the squeaky wheel gets the grease,泣く子は餅を多くもらえる,9
the squeaky wheel gets the oil,泣く子は餅を多くもらえる,9
the streets are paved with gold,黄金郷,3
the strong do what they can and the weak suffer what they must,弱肉強食,9
"the strong do what they can, the weak suffer what they must",弱肉強食,9
the tongue wounds more than a lance,口は災いの元,7
the truth is effortless,嘘つきは泥棒の始まり,4
the truth is in the wine,酒は本心を表す,7
the truth will set you free,正直は一生の宝,7
the victor gets the spoils,勝てば官軍負ければ賊軍,10
"the voice of the people, the voice of god",民の声は神の声,8
the way to a man's heart is through his stomach,男をつかむなら胃袋をつかめ,9
the wheel turns,盛者必衰,7
the winner takes it all,勝者総取り,6
the wolf may lose his teeth but never his nature,三つ子の魂百まで,7
the work praises the man,能ある鷹は爪を隠す,4
the world is someone's oyster,世界は君のものだ,5
the) truth will out,嘘は必ずばれる,9
them that has gets,金持ち喧嘩せず,3
"them that has, gets",持てる者はますます富む,6
"them that has, gets more",持てる者はますます富む,7
them what has gets,持てる者はますます富む,7
"them what has, gets",持てる者はますます富む,7
"them what has, gets more",持てる者はますます富む,8
there ain't no such thing as a free lunch,ただより高いものはない,10
there are always more fish in the sea,男は星の数ほどいる,9
there are bad apples in every orchard,どこにでも困った人はいる,6
there are many ways to skin a cat,やり方は一つではない,6
there are more ways of killing a cat than choking it with cream,やり方は一つではない,6
there are no atheists in foxholes,苦しいときの神頼み,9
there are none so blind as those who will not see,見ぬふりをする,5
there are none so deaf as those who will not hear,聞く耳を持たない,6
there are plenty more fish in the sea,男は星の数ほどいる,10
there are plenty more pebbles on the beach,男は星の数ほどいる,8
there are plenty of fish in the sea,男は星の数ほどいる,10
there are plenty of pebbles on the beach,男は星の数ほどいる,8
there are two sides to every question,物事には必ず裏表がある,8
there are two sides to every story,物事には必ず裏表がある,9
there but for the grace of god go i,明日は我が身,10
there is a lid for every pot,蓼食う虫も好き好き,8
there is a place and time for everything,何事にも時と場合がある,9
there is a time and a place for everything,何事にも時と場合がある,10
there is a time and place for everything,何事にも時期というものがある,8
there is an exception to every rule,例外のない規則はない,10
there is honour among thieves,盗人にも三分の理,7
there is many a good tune played on an old fiddle,年の功は伊達じゃない,7
there is more than one way to skin a cat,やり方は一つではない,6
there is no accounting for tastes,蓼食う虫も好き好き,10
there is no fool like an old fool,年寄りの冷や水,7
there is no honor among thieves,盗人同士に義理はない,6
there is no i in team,和をもって貴しとなす,6
there is no place like home,住めば都,9
there is no shame in not knowing; the shame lies in not finding out,知らぬは一生の恥,8
"there is no smoke without fire/where there is smoke, there is fire",火のない所に煙は立たぬ,10
there is no such thing as a free lunch,ただより高い物はない,10
there is no time like the present,思い立ったが吉日,10
there is nothing new under the sun,世に新しきものなし,6
there is one born every minute,カモはどこにでもいる,4
there is safety in numbers,数は力なり,7
there is strength in numbers,数は力なり,9
there's a first time for everything,何事にも初めてがある,10
there's a lid for every pot,割れ鍋に綴じ蓋,10
there's a place and time for everything,何事にも時期というものがある,8
there's a rotten apple in every barrel,どこにでも一人はろくでもない者がいる,5
there's a sucker born every minute,カモはどこにでもいる,5
there's a time and a place for everything,何事にも時期というものがある,8
there's a time and place for everything,何事にも時期というものがある,8
there's always a bigger fish,上には上がある,10
there's many a good tune played on an old fiddle,年の功は伊達じゃない,7
there's many a slip 'twixt the cup and the lip,口に入るまでが遠い,6
there's many a slip between the cup and the lip,口に入るまでが遠い,6
there's many a slip twixt cup and lip,口に入るまでが遠い,6
there's many a slip twixt the cup and the lip,口に入るまでが遠い,6
there's more than one way to cook an egg,やり方は一つではない,6
there's more than one way to crack an egg,やり方は一つではない,6
there's more than one way to feed a cat,やり方は一つではない,7
there's more than one way to fuck a cat,やり方は一つではない,6
there's more than one way to peel an orange,やり方は一つではない,7
there's more than one way to skin a cat,やり方は一つではない,8
there's no accounting for taste,蓼食う虫も好き好き,10
there's no fool like an old fool,年寄りの冷や水,8
there's no i in team,和をもって貴しとなす,6
there's no place like home,住めば都,9
there's no point crying over spilt milk,覆水盆に返らず,10
there's no smoke without fire,火のない所に煙は立たぬ,10
there's no time like the present,思い立ったが吉日,10
there's no use crying over spilt milk,覆水盆に返らず,10
there's none so blind as those who will not see,見ぬふりをする者ほど始末が悪い,6
there's nowt so queer as folk,人の数だけ考え方がある,6
there's one born every minute,カモがネギしょってくる,7
they hate us 'cause they ain't us,ねたみは優越感の裏返し,5
they that sow the wind shall reap the whirlwind,自業自得,8
third time is a charm,三度目の正直,10
third time pays for all,三度目の正直,9
third time's a charm,三度目の正直,10
third time's the charm,三度目の正直,10
this too shall pass,明けない夜はない,9
this too shall pass away,明けない夜はない,8
those that have get,金持ち喧嘩せず,4
those that have get more,金は寂しがり屋,6
"those that have, get",金持ち喧嘩せず,4
"those that have, get more",金は寂しがり屋,6
those who do not learn from history are doomed to repeat it,歴史は繰り返す,9
those who have get,金持ち喧嘩せず,4
those who have get more,金は寂しがり屋,6
"those who have, get",金持ち喧嘩せず,4
"those who have, get more",金は寂しがり屋,6
those who live in glass houses should not throw stones,人を呪わば穴二つ,7
those who live in glass houses shouldn't throw stones,人を呪わば穴二つ,7
those who say it cannot be done should not interrupt those doing it,やらない人ほど口を出すな,5
those who sleep with dogs will rise with fleas,朱に交われば赤くなる,10
"those who will not when they may, when they will they shall have nay",好機逸すべからず,6
three strikes and you're out,三度目の正直,4
three times a charm,三度目の正直,10
"throw dirt enough, and some will stick",嘘も百回言えば本当になる,7
throw enough mud at the wall and some of it will stick,嘘も百回言えば本当になる,7
"throw enough mud at the wall, some of it will stick",嘘も百回言えば本当になる,7
tide nor time tarrieth no man,歳月人を待たず,9
time and tide stay for no man,歳月人を待たず,10
time and tide tarry for no man,歳月人を待たず,10
time and tide wait for no man,歳月人を待たず,10
time flies,光陰矢の如し,10
time flies when you're having fun,楽しい時間はあっという間,8
time heals,時薬,8
time heals all hurts,時が心の傷を癒やす,8
time heals all sorrows,時が悲しみを癒やす,8
time heals all things,時がすべてを癒やす,8
time heals all wounds,時が心の傷を癒やす,9
time heals every wound,時が心の傷を癒やす,9
time is a great healer,時は最大の良薬,7
time is a great healer of all wounds,時は最大の良薬,7
time is money,時は金なり,10
time is the great healer,時は最大の良薬,7
time is wasted without purpose,無駄にした時間は戻らない,7
time spent laughing is time spent with the gods,笑う門には福来たる,7
timing is everything,何事もタイミングが大事,7
tis better to have loved and lost than never to have loved at all,恋せぬ人は恋の苦しみも知らぬ,6
"to a hammer, everything looks like a nail",弘法にも筆の誤り,2
to be worn out is to be renewed,古いものは新しいものに道を譲る,3
to each his own,十人十色,10
to each their own,十人十色,10
to err is human,人は誰しも過ちを犯す,8
"to err is human, to forgive divine",過ちは人の常 許すは神の業,6
"to err is human; to forgive, divine",過ちは人の常 許すは神の業,6
to the victor go the spoils,勝てば官軍,10
to the victor the spoils,勝てば官軍,10
to thine own self be true,自分に正直に生きよ,6
"two's company, three's trumpery",三人寄ればかしましい,8
ugly is as ugly does,人は見かけによらぬもの,7
underpromise and overdeliver,有言実行,6
uneasy lies the head that wears a crown,大臣の首はいつも寒い,6
union is strength,三人寄れば文殊の知恵,8
union makes strength,三人寄れば文殊の知恵,8
united we bargain; divided we beg,団結は力なり,9
"united we stand, divided we fall",団結は力なり,10
unity is strength,団結は力なり,10
unity makes strength,団結は力なり,10
"until the lions have their historians, tales of the hunt shall always glorify the hunter",勝てば官軍負ければ賊軍,9
up a creek without a paddle,八方ふさがり,8
use it or lose it,錆びるよりは使え,5
variety is the spice of life,変化は人生のスパイス,4
virtue is its own reward,情けは人のためならず,7
walk softly and carry a big stick,能ある鷹は爪を隠す,8
walk softly but carry a big stick,能ある鷹は爪を隠す,8
walls have ears,壁に耳あり障子に目あり,10
walnuts and pears you plant for your heirs,後の世のために木を植える,3
"waste not, want not",無駄をせぬ者は不足を知らず,6
water finds its level,類は友を呼ぶ,8
water finds its own level,類は友を呼ぶ,8
water seeks its level,類は友を呼ぶ,8
water seeks its own level,類は友を呼ぶ,8
we are where we are,今あるがままを受け入れる,3
well begun is half done,始めよければ終わりよし,9
well done is better than well said,言うは易く行うは難し,9
what cannot be cured must be endured,覆水盆に返らず,7
what comes around goes around,因果応報,10
what does not kill me makes me stronger,雨降って地固まる,8
what doesn't kill you makes you stronger,雨降って地固まる,8
what go round come round,因果応報,10
what goes around comes around,因果応報,10
"what goes around, comes around",因果応報,10
what goes round comes round,因果応報,10
what goes up must come down,盛者必衰,9
what happens in las vegas stays in las vegas,旅の恥はかき捨て,7
what happens in vegas stays in vegas,旅の恥はかき捨て,7
what happens on the road stays on the road,旅の恥はかき捨て,8
what has been seen cannot be unseen,見てしまったものは仕方がない,5
what is learnt in the cradle lasts to the tombs,三つ子の魂百まで,10
what is sauce for the goose is sauce for the gander,人に厳しく自分に甘く,4
"what the eye does not see, the heart does not grieve over",見ぬが仏,10
"what the eye doesn't see, the heart doesn't grieve over",見ぬが仏,10
what you gain on the swings you lose on the roundabouts,損して得取れ,6
what you lose on the swings you gain on the roundabouts,損して得取れ,6
what's bred in the bone will come out in the flesh,三つ子の魂百まで,8
what's done cannot be undone,覆水盆に返らず,10
what's done is done,覆水盆に返らず,10
what's good for the goose is good for the gander,人に厳しく自分に甘く,4
what's old is new again,温故知新,7
what's sauce for the goose is sauce for the gander,人に厳しく自分に甘く,4
whatever floats your boat,好き好きは世の習い,8
"when all you have is a hammer, everything looks like a nail",弘法も筆を選ぶ,4
"when america sneezes, the world catches a cold",風が吹けば桶屋が儲かる,3
"when i see a bird that walks like a duck and swims like a duck and quacks like a duck, i call that bird a duck",瓜の蔓に茄子はならぬ,5
"when in doubt, do nowt",君子危うきに近寄らず,7
when in rome,郷に入っては郷に従え,10
"when in rome, do as the romans",郷に入っては郷に従え,10
"when in rome, do as the romans do",郷に入っては郷に従え,10
"when in rome, do like the romans do",郷に入っては郷に従え,10
when it rains it pours,泣きっ面に蜂,9
"when it rains, it pours",泣きっ面に蜂,9
"when life gives you lemons, make lemonade",災い転じて福となす,9
"when one door closes, another door opens",捨てる神あれば拾う神あり,10
"when one door closes, another one opens",捨てる神あれば拾う神あり,10
"when one door closes, another opens",捨てる神あれば拾う神あり,10
"when one door shuts, another door opens",捨てる神あれば拾う神あり,10
"when one door shuts, another one opens",捨てる神あれば拾う神あり,10
"when one door shuts, another opens",捨てる神あれば拾う神あり,10
"when the cat is away, the mice will play",鬼の居ぬ間の洗濯,10
when the cat's away,鬼の居ぬ間の洗濯,9
when the cat's away the mice play,鬼の居ぬ間の洗濯,10
when the cat's away the mice will play,鬼の居ぬ間の洗濯,10
"when the going gets tough, the tough get going",窮すれば通ず,7
"when the looting starts, the shooting starts",因果応報,6
"when you find yourself in a hole, the first thing to do is stop digging",傷口に塩を塗るな,6
"when you hear hoofbeats, look for horses, not zebras",ありそうなことを疑え,4
"when you hear hoofbeats, think horses, not zebras",ありそうなことを疑え,4
"when you hear hoofbeats, think of horses, not zebras",ありそうなことを疑え,4
"when you mess with the bull, you get the horns",虎の尾を踏むな,8
"when you're up to your neck in alligators, it's hard to remember that your initial objective was to drain the swamp",木を見て森を見ず,7
where there is a will there is a way,意思あるところに道あり,9
"where there is a will, there is a way",意思あるところに道あり,9
where there is life there is hope,生きている限り希望はある,8
where there is muck there is brass,損して得取れ,5
where there's a will there's a way,意思あるところに道あり,9
where there's muck there's brass,損して得取れ,5
"where there's smoke, there's fire",火のない所に煙は立たぬ,10
where you stand depends on where you sit,立場が人を作る,8
"wherever you go, there you are",どこへ行っても自分からは逃げられない,6
"whether you think you can, or you think you can't, you're right",成せば成る成さねば成らぬ何事も,7
"while the grass grows, the steed starves",好機逸すべからず,4
while there is life there is hope,生きている限り希望はある,8
"while there's life, there's hope",生きている限り希望はある,8
who keeps company with the wolf will learn to howl,朱に交われば赤くなる,10
"who keeps company with wolves, will learn to howl",朱に交われば赤くなる,10
who pays the piper calls the tune,金を出す者が口を出す,8
who will bell the cat,誰が火中の栗を拾うのか,7
whom the gods love die young,佳人薄命,9
why keep a dog and bark yourself,餅は餅屋,5
"win on sunday, sell on monday",勝てば官軍,4
winning is a great deodorant,勝てば官軍,6
"wins on sunday, sells on monday",勝てば官軍,4
with great power comes great responsibility,権限には責任が伴う,8
woe to the vanquished,負け犬に鞭打つ,6
wonders will never cease,世の中何が起こるかわからない,6
words cut deep,口は災いの元,7
work expands so as to fill the time available,学生と掃除は暇を見てする,5
"work smarter, not harder",急がば回れ,6
worrying never did anyone any good,案ずるより産むが易し,7
worse things happen at sea,上には上がある,5
yesterday is gone,過ぎたことは水に流せ,6
yesterday's gone,覆水盆に返らず,7
you are never too old to learn,学びに遅すぎることはない,8
you are what you eat,医食同源,7
you attract more flies with honey than vinegar,笑う門には福来たる,5
"you break it, you buy it",自業自得,5
"you buy cheap, you get cheap",安物買いの銭失い,10
you can catch more flies with honey than vinegar,笑う門には福来たる,5
you can catch more flies with honey than with vinegar,笑う門には福来たる,5
you can have too much of a good thing,過ぎたるは及ばざるが如し,10
"you can lead a horse to water, but you can't make her drink",馬を水辺に連れて行けても水を飲ませることはできない,6
"you can lead a horse to water, but you can't make him drink",馬を水辺に連れて行けても水を飲ませることはできない,6
"you can lead a horse to water, but you can't make it drink",馬を水辺に連れて行けても水を飲ませることはできない,6
"you can lead a horse to water, but you cannot make it drink",馬を水辺に連れて行けても水を飲ませることはできない,6
"you can lead horses to water, but you can't make them drink",馬を水辺に連れて行けても水を飲ませることはできない,6
you can never/never can tell,何が起こるかわからない,6
"you can take the monkey out of the jungle, but you can't take the jungle out of the monkey",三つ子の魂百まで,8
you can't break a stick in a bundle,三本の矢,9
you can't break a twig in a bundle,三本の矢,9
you can't break sticks in a bundle,三本の矢,9
you can't catch old birds with chaff,年の功にはかなわない,7
you can't fight city hall,長いものには巻かれろ,9
you can't get a quart into a pint pot,無い袖は振れぬ,6
you can't get something for nothing,ただより高いものはない,10
you can't go home again,盛年重ねて来らず,5
you can't judge a book by its cover,人は見かけによらぬもの,10
you can't keep a good man down,善は滅びず,5
you can't make a silk purse of a sow's ear,柳の下にいつも泥鰌はいない,4
you can't make an omelette without breaking eggs,虎穴に入らずんば虎子を得ず,9
you can't outrun your fork,医食同源,6
you can't polish a turd,腐っても鯛,2
you can't pour from an empty cup,無い袖は振れぬ,8
you can't put a wise head on young shoulders,若気の至り,6
you can't put an old head on young shoulders,若気の至り,6
you can't put the shit back in the horse,覆水盆に返らず,9
you can't put the toothpaste back in the tube,覆水盆に返らず,10
you can't put the toothpaste back into the tube,覆水盆に返らず,10
you can't run with the hare and hunt with the hounds,二兎を追う者は一兎をも得ず,7
you can't step in the same river twice,盛者必衰,5
you can't take it with you,あの世へは何も持っていけない,7
you can't teach an old dog new tricks,三つ子の魂百まで,8
you can't tell a book by its cover,人は見かけによらぬもの,10
you can't unring a bell,覆水盆に返らず,9
you can't win them all,勝つこともあれば負けることもある,8
you cannot always get what you want,世の中は思い通りにならない,8
you cannot break a stick in a bundle,三本の矢,9
you cannot break a twig in a bundle,三本の矢,9
you cannot break sticks in a bundle,三本の矢,9
you cannot burn a candle at both ends,二兎を追う者は一兎をも得ず,6
you cannot get blood out of a stone,無い袖は振れぬ,10
you cannot have your cake and eat it too,二兎を追う者は一兎をも得ず,7
you cannot make a silk purse from a sow's ear,柳の下にいつも泥鰌はおらぬ,4
you cannot make an omelette without breaking eggs,虎穴に入らずんば虎子を得ず,8
you cannot make bricks without straw,無い袖は振れぬ,8
you cannot please everyone,十人十色,6
you cannot put the same shoe on every foot,十人十色,7
you cannot run with the hare and hunt with the hounds,二兎を追う者は一兎をも得ず,7
you cannot unscramble eggs,覆水盆に返らず,10
you cannot win them all,勝つこともあれば負けることもある,8
you cannot) teach an old dog new tricks,三つ子の魂百まで,8
you catch more flies with honey than vinegar,笑う門には福来る,5
you catch more flies with honey than with vinegar,笑う門には福来る,5
you don't get owt for nowt,ただより高いものはない,9
you don't get something for nothing,ただより高いものはない,9
you don't know what you've got till it's gone,失って初めて有り難さが分かる,9
you don't look at the mantelpiece when you poke the fire,蓼食う虫も好き好き,6
you don't look at the mantelpiece when you're poking the fire,蓼食う虫も好き好き,6
you don't miss the water till the well runs dry,失って初めて有り難さが分かる,9
you don't need a weatherman to know which way the wind blows,火を見るより明らかだ,6
you get more with a kind word and a gun than you do with a kind word alone,飴と鞭を使い分ける,7
you get what you pay for,安物買いの銭失い,10
you have to be good to be lucky,運も実力のうち,9
you have to be in it to win it,虎穴に入らずんば虎子を得ず,9
you make the bed you lie in,自業自得,9
you may/might as well be hanged/hung for a sheep as (for) a lamb,どうせやるなら徹底的にやれ,5
you miss 100% of the shots you don't take,当たって砕けろ,8
you must have rocks in your head,頭がおかしいんじゃないか,7
you never know what you've got till it's gone,失って初めて有り難さが分かる,9
you never miss the water till the well runs dry,失って初めて有り難さが分かる,9
you never miss the water until the well runs dry,失って初めて有り難さが分かる,9
you only get what you give,情けは人の為ならず,6
you only go around once,人生一度きり,8
you only go around once in life,人生一度きり,8
you only live once,人生一度きり,9
you pay your dime and you takes your chances,自己責任,6
you pay your money and you take your choice,自己責任,6
you pays your money and you takes your chances,自己責任,6
you pays your money and you takes your choice,自己責任,6
you pays your nickel and you takes your chances,自己責任,6
you pays your nickel and you takes your choice,自己責任,6
you scratch my back and i will scratch yours,持ちつ持たれつ,9
you scratch my back and i'll scratch yours,持ちつ持たれつ,9
you snooze you lose,ぐずぐずしていると機を逃す,7
"you win some, you lose some",勝つ日もあれば負ける日もある,8
you'll never get if you never go,虎穴に入らずんば虎子を得ず,9
you're never fully dressed without a smile,笑う門には福来る,7
you're never too old to learn,学びに遅すぎることはない,8
you're only as good as your last shift,一事が万事,6
you've got to be in it to win it,虎穴に入らずんば虎子を得ず,9
you've got to crack a few eggs to make an omelette,虻蜂取らず,3
you've got to separate the wheat from the chaff,玉石混交,6
you've made your bed and you must lie in/on it,自業自得,9
"your face, your fate",人相は心の鏡,4
your vibe attracts your tribe,類は友を呼ぶ,10
youth is wasted on the young,若い時の苦労は買ってでもせよ,5
zeal without knowledge is a runaway horse,勇み足は怪我のもと,6
zeal without knowledge is fire without light,短気は損気,5
actions have consequences,自業自得,9
actions speak louder than words,不言実行,8
adversity makes strange bedfellows,同病相憐れむ,6
age is just a number,年齢はただの数字,5
all cats are gray at night,暗闇では猫も虎も同じ,6
all cats are gray in the dark,暗闇では猫も虎も同じ,7
all cats are grey at night,暗闇では猫も虎も同じ,6
all cats are grey by night,暗闇では猫も虎も同じ,6
all cats are grey in the dark,暗闇では猫も虎も同じ,7
all good things come to an end,楽あれば苦あり,6
all good things come to him who waits,果報は寝て待て,10
all good things must come to an end,盛者必衰,7
all hands on deck/to the pump,総力を結集する,4
all is fair in love and war,恋と戦争には手段を選ばず,6
all is fish that comes to the net,転んでもただでは起きぬ,8
all is for the best in the best of all possible worlds,この世はすべてうまくいくようにできている,4
all is grist that comes to the mill,転んでもただでは起きぬ,9
all is well that ends well,終わりよければすべてよし,10
all publicity is good publicity,悪名は無名に勝る,7
all roads lead to mecca,すべての道はローマに通ず,6
all roads lead to rome,すべての道はローマに通ず,10
all roads lead to sydney,すべての道はローマに通ず,6
all that glisters is not gold,見かけによらぬもの,7
all that glitters is not gold,見かけによらぬもの,8
all that glitters/glistens is not gold,見かけによらぬもの,8
all the world loves a lover,惚れて通えば千里も一里,5
all the world's a stage,人生は舞台,6
all things come to those who wait,果報は寝て待て,10
all things excellent are as difficult as they are rare,得難きは優れたるがゆえ,3
all things must pass,諸行無常,9
all work and no play makes jack a dull boy,よく学びよく遊べ,8
all you need is love,愛があればすべてうまくいく,4
all's fair in love and war,恋と戦争には手段を選ばず,7
all's fish that comes to the net,転んでもただでは起きぬ,9
all's well that ends well,終わりよければすべてよし,10
almost doesn't count,九分九厘は十分ではない,4
an old dog for a hard road,餅は餅屋,7
"beauty fades, dumb is forever",美人薄命,5
believing is seeing,信じる者は救われる,4
"bet on the jockey, not the horse",人を見て法を説け,4
"bet the jockey, not the horse",人を見て法を説け,4
better one word in time than two afterwards,後悔先に立たず,6
better the devil you know,知らぬ神より馴染みの鬼,9
better the devil you know than the devil you don't,知らぬ神より馴染みの鬼,10
better the devil you know than the devil you don't know,知らぬ神より馴染みの鬼,10
better the devil you know than the one you don't,知らぬ神より馴染みの鬼,10
better the devil you know than the one you don't know,知らぬ神より馴染みの鬼,10
better to have loved and lost than never to have loved at all,恋せぬ人は恋の苦しみも知らぬ,6
better to light a candle than to curse the darkness,悪を憎んで人を憎まず,3
better to light a single candle than to curse the darkness,悪を憎んで人を憎まず,3
better to light one candle than to curse the darkness,悪を憎んで人を憎まず,3
better to light one small candle than to curse the darkness,悪を憎んで人を憎まず,3
better to remain silent and be thought a fool than to speak and remove all doubt,口は災いの元,7
better wear out than rust out,錆びるよりは擦り減れ,2
beware of greeks bearing gifts,ただより高い物はない,8
big fish eat little fish,弱肉強食,10
big things come in small packages,小粒でもぴりりと辛い,9
bird in the hand,捕らぬ狸の皮算用,6
birds of a feather,類は友を呼ぶ,10
birds of a feather flock together,類は友を呼ぶ,10
birds of the feather flock together,類は友を呼ぶ,9
blood is thicker than water,血は水よりも濃い,10
born with a silver spoon in one's mouth,生まれながらの御坊ちゃま,3
boys will be boys,男の子はそんなもの,5
brevity is the soul of wit,簡潔は知性の魂,6
bros before hoes,友は女に優先する,5
bros before hos,友は女に優先する,5
business before pleasure,仕事は遊びに優先する,7
"buy cheap, buy twice",安物買いの銭失い,10
"by failing to prepare, you are preparing to fail",備えあれば憂いなし,8
caesar's wife must be above suspicion,人の上に立つ者は身を慎め,6
calm seas never made a good sailor,雨降って地固まる,6
"can't live with 'em, can't live without 'em",あっても困るがなくても困る,8
can't live with them and can't live without them,あっても困るがなくても困る,8
"can't live with them, can't live without them",あっても困るがなくても困る,8
"cannot live with them, cannot live without them",あっても困るがなくても困る,8
care killed a cat,取り越し苦労は身の毒,7
care killed the cat,取り越し苦労は身の毒,7
careless talk costs lives,口は災いの元,10
carpe diem,今を生きる,7
cast not a clout till may be out,暑さ寒さも彼岸まで,7
charity begins at home,情けは身から出る,6
cheaters never prosper,悪事千里を走る,6
cheats never prosper,悪事千里を走る,6
"cheese, wine, and friends must be old to be good",古い友は金にまさる,8
chicks before dicks,友は男に優先する,4
children should be seen and not heard,子どもは黙っていなさい,5
christmas comes but once a year,盆と正月は一度に来ない,5
civility costs nothing and buys everything,ただより高いものはない,2
cleanliness is next to godliness,身の回りを清めれば心も清まる,5
clogs to clogs in three generations,三代目が身上をつぶす,7
close only counts in horseshoes,九分どおりではだめ,3
close only counts in horseshoes and darts,九分どおりではだめ,3
close only counts in horseshoes and hand grenades,九分どおりではだめ,3
clothes don't make the man,人は見かけによらぬもの,9
clothes make the man,馬子にも衣装,9
clothes maketh the man,馬子にも衣装,9
"cobbler, keep to your last",餅は餅屋,10
coffee and love taste best when hot,恋は熱いうちが花,7
"cold hands, warm heart",不器用な人ほど心は温かい,4
desperate times call for desperate measures,背に腹は代えられぬ,9
desperate times require desperate measures,背に腹は代えられぬ,9
devil lies in the details,細部に宿る神,6
different strokes for different folks,十人十色,10
discretion is the better part of valor,逃げるが勝ち,8
discretion is the better part of valour,逃げるが勝ち,8
divide and conquer,分断して支配せよ,6
do as you would be done by,情けは人のためならず,7
do not bite the hand that feeds you,飼い犬に手を噛まれる,7
do not burn your bridges behind you,退路を断つな,5
do not carry coals to newcastle,釈迦に説法,8
do not cast your pearls before swine,猫に小判,10
do not change horses in midstream,船頭多くして船山に登る,3
do not count your chickens before they are hatched,捕らぬ狸の皮算用,10
do not cross the bridge till you come to it,取り越し苦労はするな,7
do not cry over spilled milk,覆水盆に返らず,10
do not cut off your nose to spite your face,短気は損気,6
do not dish it if you can't take it,人を呪わば穴二つ,5
do not judge a book by its cover,人は見かけによらぬ,10
do not let the bastards grind you down,七転び八起き,6
do not let the grass grow beneath (one's) feet,善は急げ,8
do not look a gift horse in the mouth,もらった物に文句を言うな,6
do not make a mountain out of a mole hill,小さなことを大事にするな,4
do not meet troubles half-way,取り越し苦労はするな,8
do not put all your eggs in one basket,一つの籠に卵を盛るな,5
do not put off until tomorrow what you can do today,今日できることを明日に延ばすな,7
do not put the cart before the horse,本末転倒,10
do not put too many irons in the fire,二兎を追う者は一兎をも得ず,8
do not rock the boat,波風を立てるな,7
do not shut/lock the stable door after the horse has bolted,後の祭り,8
make it do or do without,あるもので間に合わせる,7
make lemonade,災い転じて福となす,9
make love not war,愛こそすべて,6
man does not live by bread alone,人はパンのみにて生くるにあらず,10
man is a wolf to man,人間は人間にとって狼である,8
man plans and god laughs,人事を尽くして天命を待つ,6
"man proposes, god disposes",人事を尽くして天命を待つ,10
"man proposes, heaven disposes",人事を尽くして天命を待つ,10
man shall not live by bread alone,人はパンのみにて生くるにあらず,10
"man thinks, god laughs",人事を尽くして天命を待つ,6
manners maketh man,礼儀は人の鏡,8
many a little makes a mickle,塵も積もれば山となる,10
many a mickle makes a muckle,塵も積もれば山となる,10
many a true word is spoken in jest,冗談の中に本音がある,9
many hands make light work,大勢でやれば仕事は楽になる,7
march comes in like a lion and goes out like a lamb,三寒四温,6
marriages are made in heaven,縁は異なもの味なもの,8
"marry in haste, repent at leisure",急いては事を仕損じる,6
measure twice and cut once,転ばぬ先の杖,8
"measure twice, cut once",転ばぬ先の杖,8
men are blind in their own cause,我が身かわいさに目がくらむ,6
mess with the bull and you get the horns,虎の尾を踏むな,7
"mess with the bull, get the horns",虎の尾を踏むな,7
might is right,弱肉強食,10
money talks and bullshit walks,金の切れ目が縁の切れ目,5
"money talks, bullshit walks",金の切れ目が縁の切れ目,5
"move your feet, lose your seat",早い者勝ち,8
needs must,背に腹は代えられぬ,9
never give advice unless asked,聞くは一時の恥聞かぬは一生の恥,4
never let the truth get in the way of a good story,嘘も方便,8
never waste a crisis,ピンチはチャンス,10
"no names, no pack-drill",触らぬ神に祟りなし,6
no one ever went broke underestimating the intelligence of the american public,大衆は愚かである,4
no one ever went broke underestimating the taste of the american people,大衆は愚かである,3
no one ever went broke underestimating the taste of the american public,大衆は愚かである,3
nobody ever went broke underestimating the good taste of the american people,大衆は愚かである,3
nobody ever went broke underestimating the good taste of the american public,大衆は愚かである,3
nobody ever went broke underestimating the intelligence of the american people,大衆は愚かである,4
nobody ever went broke underestimating the intelligence of the american public,大衆は愚かである,4
nobody ever went broke underestimating the taste of the american people,大衆は愚かである,3
nobody ever went broke underestimating the taste of the american public,大衆は愚かである,3
old sins have long shadows,悪事千里を走る,7
"old soldiers never die, (they simply/just fade away)",老兵は死なずただ消え去るのみ,9
"once a man, twice a boy",一度大人二度子供,3
"once a man, twice a child",一度大人二度子供,4
"once a thief, always a thief",一度盗人は生涯盗人,6
"once a(n) _, always a(n",三つ子の魂百まで,8
once an adult and twice a child,一度大人二度子供,4
"once an adult, twice a child",一度大人二度子供,4
"once bitten, twice shy",羹に懲りて膾を吹く,10
"once burned, twice cautious",羹に懲りて膾を吹く,9
"once burned, twice shy",羹に懲りて膾を吹く,10
"once hurt, twice shy",羹に懲りて膾を吹く,9
"once on shore, we pray no more",喉元過ぎれば熱さを忘れる,10
one bad apple can spoil the barrel,一人の不心得が皆の迷惑,6
one bad apple can spoil the whole bunch,一人の不心得が皆の迷惑,6
one bad turn deserves another,やられたらやり返す,7
one can run but one can't hide,逃げるは一時の恥逃げぬは一生の恥,3
one can't break a stick in a bundle,三人寄れば文殊の知恵,4
one can't break a twig in a bundle,三人寄れば文殊の知恵,6
one can't break sticks in a bundle,三人寄れば文殊の知恵,6
one can't carry two watermelons under one arm,二兎を追う者は一兎をも得ず,10
one can't hold two watermelons in one hand,二兎を追う者は一兎をも得ず,10
one cannot break a stick in a bundle,三人寄れば文殊の知恵,6
one cannot break a twig in a bundle,三人寄れば文殊の知恵,6
one good turn deserves another,情けは人のためならず,9
one hair of a woman can draw more than a hundred pair of oxen,女心と秋の空,3
one half of the world does not know how the other half lives,隣の芝生は青い,4
one hand can't hold two watermelons,二兎を追う者は一兎をも得ず,10
one hand washes the other,持ちつ持たれつ,9
one kind word can warm three winter months,一言芳恩,5
one law for the rich and another for the poor,弱肉強食,6
one man's fish is another man's poison,蓼食う虫も好き好き,10
one man's fish is another man's poisson,蓼食う虫も好き好き,9
one man's loss is another man's gain,人の不幸は蜜の味,6
one man's meat is another man's poison,蓼食う虫も好き好き,10
out of sight is out of mind,去る者は日々に疎し,10
"out of sight, out of mind",去る者は日々に疎し,10
out of the frying pan and into the fire,弱り目に祟り目,7
out of the mouths of babes,小児の口に真理あり,3
out of the mouths of babes and sucklings,小児の口に真理あり,3
"outta sight, outta mind",去る者は日々に疎し,10
patience is a virtue,待てば海路の日和あり,9
pearls of wisdom,金言,8
penny wise and pound foolish,木を見て森を見ず,7
"penny, penny. makes many",塵も積もれば山となる,10
people that live in glass houses should not throw stones,人を呪わば穴二つ,7
people that live in glass houses shouldn't throw stones,人を呪わば穴二つ,7
"people who have, get",金持ち喧嘩せず,3
"people who have, get more",金は天下の回りもの,3
people who live in glass houses should not throw stones,人を呪わば穴二つ,7
people who live in glass houses shouldn't throw stones,人を呪わば穴二つ,7
perfect is the enemy of good,過ぎたるは及ばざるが如し,8
put one's hand to the plough,腹をくくる,7
put your best foot forward,全力を尽くす,9
put your money where your mouth is,言うは易く行うは難し,6
putting the cart before the horse,本末転倒,10
rain does not fall on one roof alone,禍は一人に来ず,5
"ready, fire, aim",見切り発車,9
"red sky at night shepherd's delight; red sky in the morning, shepherd's warning",夕焼けは晴れ,8
"red sky at night, sailors' delight; red sky at morn, sailors forlorn",夕焼けは晴れ,8
"red sky at night, sailors' delight; red sky at morning, sailors take warning",夕焼けは晴れ,8
"red sky at night, sailors' delight; red sky in the morn, sailors forlorn",夕焼けは晴れ,8
"red sky at night, shepherds' delight; red sky at morning, shepherds' warning",夕焼けは晴れ,8
"red sky at night, shepherds' delight; red sky in the morning, shepherds' warning",夕焼けは晴れ,8
render unto caesar the things which are caesar's,朱に交われば赤くなる,2
"repetition, repetition, repetition",習うより慣れろ,6
"respect is not given, it is earned",信頼は築くもの,6
revenge is a dish best served cold,仇討ちは忘れた頃にやれ,4
revenge is sweet,仇討ちは蜜の味,7
rome wasn't burned in a day,ローマは一日にして成らず,10
sex sells,エロは金になる,3
small rain lays great dust,小さな雨も積もれば大水,2
"sticks and stones may break my bones, but words will never hurt me",口は災いの元,3
"talk of angels, and hear the flutter of their wings",噂をすれば影,10
talk softly and carry a big stick,飴と鞭を使い分ける,6
tell its own story,物語るものがある,4
that which has been seen cannot be unseen,一度見たものは忘れられない,3
the apple does not fall far from the stem,蛙の子は蛙,10
the apple does not fall far from the tree,蛙の子は蛙,10
the apple does not fall far from the trunk,蛙の子は蛙,10
the apple does not fall/never falls far from the tree,蛙の子は蛙,10
the apple doesn't fall far from the tree,蛙の子は蛙,10
the apple never falls far from the tree,蛙の子は蛙,10
the apples on the other side of the wall are the sweetest,隣の芝生は青い,10
the bad penny always comes back,悪銭身につかず,4
the bad penny always turns up,憎まれっ子世にはばかる,6
the best condiments are authentic flavors,素材の味を生かす,3
the best defence is attack,攻撃は最大の防御,10
the best defense is a good offense,攻撃は最大の防御,10
the best is the enemy of the good,完璧を求めて善を失うな,3
the best laid plans of mice and men go oft astray,計画どおりにはいかないものだ,4
the best laid plans of mice and men often go awry,思いどおりにはいかないものだ,4
the best things in life are free,金で買えない大切なものがある,5
the best things in life aren't things,金で買えない大切なものがある,5
the best-laid schemes of mice and men often go awry,算盤づくはうまくいかぬ,4
the better is the enemy of the good,完璧を求めて善を失うな,3
"the bigger they are, the harder they fall",高ければ高いほど落ちるときは痛い,4
"the bigger they come, the harder they fall",大木倒れれば大きな音,4
the boy is father to the man,三つ子の魂百まで,9
the bread never falls but on its buttered side,弱り目に祟り目,6
the burnt child dreads the fire,羹に懲りて膾を吹く,10
the burnt child fears the fire,羹に懲りて膾を吹く,10
the candle that burns twice as bright burns half as long,盛者必衰,6
the captain goes down with the ship,船頭は最後まで船を守る,4
the cat would eat fish but would not wet her feet,虎穴に入らずんば虎子を得ず,9
the chickens come home to roost,自業自得,9
the child is the father of the man,三つ子の魂百まで,10
the cobbler always wears the worst shoes,紺屋の白袴,10
the cobbler's children are the worst shod,紺屋の白袴,10
the cobbler's children go barefoot,紺屋の白袴,10
the course of true love never did run smooth,恋路は険しい,9
the cow knows not the worth of its tail till it loses it,失って初めて有り難さが分かる,9
the cowl does not make the monk,見かけによらぬもの,8
the customer is always right,お客様は神様です,10
the darkest hour is always just before the dawn,明けない夜はない,10
the darkest hour is just before the dawn,明けない夜はない,10
the devil looks after his own,憎まれっ子世にはばかる,8
the devil takes care of his own,憎まれっ子世にはばかる,8
the dose makes the poison,過ぎたるは及ばざるが如し,9
the fox may grow grey but never good,三つ子の魂百まで,7
the grass is always greener (on the other side,隣の芝生は青い,10
the grass is always greener on the other side,隣の芝生は青い,10
the grass is always greener on the other side of the fence,隣の芝生は青い,10
the grass is always greener on the other side of the road,隣の芝生は青い,10
the hand that rocks the cradle is the hand that rules the world,三つ子の魂百まで,4
the hand that rocks the cradle rules the world,三つ子の魂百まで,4
the heart wants what it wants,恋は盲目,7
the heart wants what the heart wants,恋は盲目,7
the highest branch is not the safest roost,高きに登れば危うし,6
the hit dog hollers,図星をさされると腹が立つ,7
the house always wins,胴元が一番儲かる,8
the innocent seldom find an uncomfortable pillow,後ろ暗いところのない者はよく眠れる,4
the jug goes to the well until it breaks,釈迦も石の上にも三年,2
the laborer is worthy of his hire,働かざる者食うべからず,4
the labourer is worthy of his hire,働かざる者食うべからず,4
the last drop makes the cup run over,堪忍袋の緒が切れる,7
the left hand doesn't know what the right hand is doing,右手のすることを左手が知らず,5
the leopard does not change his spots,三つ子の魂百まで,8
the light is on but nobody is home,頭はあるが知恵がない,5
the longest day must have an end,明けない夜はない,9
the longest journey starts with a single step,千里の道も一歩から,10
the lord helps those that help themselves,天は自ら助くる者を助く,10
the lord helps those who help themselves,天は自ら助くる者を助く,10
the love of money is the root of all evil,金は天下の回りもの,4
the map is not the territory,机上の空論,6
the mill cannot grind with water that is past,覆水盆に返らず,9
the mills of the gods grind slowly,天網恢恢疎にして漏らさず,9
the moon is made of green cheese,絵に描いた餅,5
the more the merrier,大勢いれば賑やか,6
"the more things change, the more they stay the same",歴史は繰り返す,7
"the more you know, the higher you go",知識は力なり,6
the whistle does not pull the train,笛吹けど踊らず,4
the whistle doesn't pull the train,笛吹けど踊らず,4
there is nothing more permanent than a temporary solution,仮のものほど長持ちする,3
time and tide,歳月人を待たず,9
to travel hopefully is a better thing than to arrive,旅は道連れ世は情け,4
tomorrow is another day,明日は明日の風が吹く,10
tomorrow never comes,明日ありと思う心の仇桜,8
"too little, too late",後の祭り,9
too many chefs spoil the broth,船頭多くして船山に登る,10
too many cooks spoil the broth,船頭多くして船山に登る,10
too many cooks spoil the soup,船頭多くして船山に登る,10
too many cooks spoil the stew,船頭多くして船山に登る,10
too many cooks spoils the broth,船頭多くして船山に登る,10
too much bed makes a dull head,過ぎたるは及ばざるが如し,7
too much pudding will choke a dog,過ぎたるは及ばざるが如し,8
too much rain makes a flood,過ぎたるは及ばざるが如し,8
too much water drowned the miller,過ぎたるは及ばざるが如し,8
"trust every man, but cut the cards",信頼しても用心せよ,6
"trust everybody, but always cut the cards",信頼しても用心せよ,6
"trust everybody, but always cut the deck",信頼しても用心せよ,6
"trust everybody, but cut the cards",信頼しても用心せよ,6
"trust everybody, but cut the deck",信頼しても用心せよ,6
"trust your friends, but cut the cards",信頼しても用心せよ,6
"trust, but verify",信頼しても用心せよ,8
truth is stranger than fiction,事実は小説より奇なり,10
truth will out,嘘つきは泥棒の始まり,5
turn your face toward the sun and the shadows fall behind you,笑う門には福来たる,5
turnabout is fair play,やられたらやり返す,6
two birds with one stone,一石二鳥,10
two can play at that game,売り言葉に買い言葉,7
two can play that game,売り言葉に買い言葉,7
two heads are better than one,三人寄れば文殊の知恵,10
"two is company, but three is a crowd",二人連れに三人目は邪魔,7
two wrongs do not make a right,悪事は悪事をもって正せない,6
two wrongs don't make a right,悪事は悪事をもって正せない,6
two's company and three is none,二人連れに三人目は邪魔,7
"two's company, three's a crowd",二人連れに三人目は邪魔,7
wanton kittens make sober cats,若気の至り,6
watched toast never burns,見ている鍋は煮えない,8
what the eye does not see,見ぬが仏,9
"when you have seen one, you have seen them all",どんぐりの背比べ,6
where there is a will,意志あるところに道は開ける,9
why buy the cow when you can get the milk for free,ただより高いものはない,6
you can't be half pregnant,中途半端はよくない,5
you can't fix stupid,馬鹿は死ななきゃ治らない,9
"you can't live with 'em, you can't live without 'em",男と女は持ちつ持たれつ,5
"you can't live with them, you can't live without them",男と女は持ちつ持たれつ,5
you can't polish shit,腐っても鯛,2
you don't dip your pen in company ink,公私混同するな,6
you don't dip your pen in the company's ink,公私混同するな,6
you don't fish off the company pier,公私混同するな,6
you don't get your nookie where you get your cookies,公私混同するな,5
a bad excuse is better than none,"",1
a bad penny always comes back,"",1
a bad penny always turns up,"",1
a bad tree does not yield good apples,"",1
a bad workman always blames his tools,"",1
a bad workman blames his tools,"",1
a barking dog never bites,"",1
a barking dog seldom bites,"",1
a bird in the hand,"",1
a bird in the hand is worth two in the bush,"",1
a broken clock is right twice a day,"",1
a buck is a buck,"",1
a buck is a buck is a buck,"",1
a buck's a buck,"",1
a burnt child dreads the fire,"",1
a camel is a horse designed by a committee,"",1
a camel is a horse made by a committee,"",1
a camel is a horse made by committee,"",1
a cat can look at a king,"",1
a cat in gloves catches no mice,"",1
a cat may look at a king,"",1
a chain is as strong as its weakest link,"",1
a chain is no stronger than its weakest link,"",1
a chain is only as strong as its weakest link,"",1
a change is as good as a rest,"",1
a closed mouth catches no flies,"",1
a closed mouth doesn't get fed,"",1
a closed mouth gathers no feet,"",1
a contented mind is a perpetual feast,"",1
a creaking door hangs long on its hinges,"",1
a creaking door hangs longest,"",1
a danger foreseen is half avoided,"",1
a dog is a man's best friend,"",1
a drowning man will clutch at a straw,"",1
a drowning man will grab at a straw,"",1
a drowning man will grab at straws,"",1
a drowning man will grasp at a straw,"",1
a drowning man will grasp at straws,"",1
a dumb priest never got a parish,"",1
a fair booty makes many a thief,"",1
a fault confessed is half redressed,"",1
a fool and his money are soon parted,"",1
a foolish consistency is the hobgoblin of little minds,"",1
a friend in need,"",1
a friend in need is a friend indeed,"",1
a friend to everyone is a friend to no one,"",1
a golden key can open any door,"",1
a good beginning makes a good ending,"",1
a good conscience is a soft pillow,"",1
a good deed is its own reward,"",1
a healthy body is a healthy mind,"",1
a hit dog hollers,"",1
a hit dog will holler,"",1
a house divided against itself cannot stand,"",1
a house is not a home,"",1
a hungry man is an angry man,"",1
a journey of a thousand miles begins with a single step,"",1
a language is a dialect with an army and navy,"",1
a leopard cannot change its spots,"",1
a leopard does not change its spots,"",1
a lie can run around the world before the truth can get its boots on,"",1
a lie has no legs,"",1
a little knowledge is a dangerous thing,"",1
a little learning is a dangerous thing,"",1
a man can do what he wills but he cannot will what he wills,"",1
a man is known by the company he keeps,"",1
a man's home is his castle,"",1
a mill cannot grind with the water that is past,"",1
a mind is a terrible thing to waste,"",1
a miss is as good as a mile,"",1
"a moment on the lips, a lifetime on the hips","",1
a new broom sweeps clean,"",1
"a new broom sweeps clean, but an old broom knows all the corners","",1
"a new broom sweeps clean, but an old broom knows the corners","",1
"a new broom sweeps clean, but the old broom knows the corners","",1
a new language is a new life,"",1
a nod is as good as a wink,"",1
a nod is as good as a wink to a blind horse,"",1
a penny saved is a penny earned,"",1
a penny saved is a penny gained,"",1
a picture is worth a thousand words,"",1
a picture paints a thousand words,"",1
a problem shared is a problem halved,"",1
a promise is a promise,"",1
a promise made is a promise kept,"",1
a prophet has no honor in his own country,"",1
a prophet is not without honor save in his own country,"",1
a revolution is not a dinner party,"",1
a rising tide lifts all boats,"",1
a rolling stone gathers no moss,"",1
"a ship in a harbour is safe, but that's not what a ship is for","",1
a smooth sea never made a skilled sailor,"",1
a sorrow shared is a sorrow halved,"",1
a spoonful of sugar helps the medicine go down,"",1
a spoonful of sugar makes the medicine go down,"",1
a stick in a bundle cannot be broken,"",1
a stick in a bundle is unbreakable,"",1
a stitch in time,"",1
a stitch in time saves nine,"",1
a stopped clock is right twice a day,"",1
a straw shows how the wind blows,"",1
a straw shows which way the wind blows,"",1
a sucker is born every minute,"",1
a trouble shared is a trouble halved,"",1
a twig in a bundle cannot be broken,"",1
a twig in a bundle is unbreakable,"",1
a watched kettle never boils,"",1
a watched man never plays,"",1
a watched pot never boils,"",1
a watched pot never boils over,"",1
a watched pot/kettle never boils,"",1
a wild goose never laid a tame egg,"",1
a woman's work is never done,"",1
a worry shared is a worry halved,"",1
a) swarm in may is worth a load of hay; a swarm in june is worth a silver spoon; but a swarm in july is not worth a fly,"",1
absence makes the heart go yonder,"",1
absence makes the heart grow fonder,"",1
absolute power corrupts absolutely,"",1
accidents will happen,"",1
accidents will happen in the best regulated families,"",1
"all animals are equal, but some animals are more equal than others",弱い者いじめ,4
all politics are local,政治は生活なり,5
all politics is local,政治は生活なり,5
all that glitters,光るもの必ずしも金ならず,9
another day in paradise,"",1
another happy landing,"",1
any hole's a goal,"",1
ask my companion if i be a thief,"",1
bad facts make bad law,下手な考え休むに似たり,3
"beer before liquor, never been sicker; liquor before beer, you're in the clear","",1
being poor is a mindset,"",1
being poor is a state of mind,"",1
better dead than red,"",1
better to reign in hell than serve in heaven,地獄の沙汰も金次第,3
"bi now, gay later","",1
bis dat qui cito dat,善は急げ,9
buy the same horse twice,二度同じ川の水を飲む,2
caveat lector,本を信ずるなかれ,2
claret would be port if it could,"",1
"claw me, claw thee",やられたらやり返す,6
common sense is neither common nor sensical,常識は非常識,6
comparison is the thief of joy,隣の芝生は青い,6
comparisons are odious,比べるものではない,4
cool heads must prevail,頭を冷やせ,5
cool heads prevail,冷静な者が勝つ,5
cool heads will prevail,冷静な者が勝つ,5
cooler heads must prevail,頭を冷やせ,5
cooler heads prevail,冷静な者が勝つ,5
cooler heads will prevail,冷静な者が勝つ,5
count your blessings,有り難みを数えよ,4
"courage is the measure of a man, beauty is the measure of a woman","",1
cowards may die many times before their death,臆病者は何度も死ぬ,4
cream rises,良いものは必ず世に出る,8
crime does not pay,悪事千里を走る,6
crime doesn't pay,悪事千里を走る,6
criss-cross applesauce,"",1
cross my heart and hope to die stick a needle in my eye,嘘ついたら針千本飲ます,10
cross the stream where it is shallowest,浅い川を渡れ,3
curiosity killed the cat,知りすぎるのも身の毒,5
curses like chickens come home to roost,人を呪わば穴二つ,10
cut your coat according to your cloth,身の丈に合った暮らしをする,9
dance with the one that brought ya,義理を欠くな,7
dance with the one that brought you,義理を欠くな,7
dance with the one that brung ya,義理を欠くな,7
dance with the one that brung you,義理を欠くな,7
dance with the one what brought ya,義理を欠くな,6
dance with the one what brought you,義理を欠くな,6
dance with the one what brung ya,義理を欠くな,6
dance with the one what brung you,義理を欠くな,6
dance with the one who brought ya,義理を欠くな,7
dance with the one who brought you,義理を欠くな,7
dance with the one who brung ya,義理を欠くな,7
dance with the one who brung you,義理を欠くな,7
danger past and god forgotten,喉元過ぎれば熱さを忘れる,10
danger past god forgotten,喉元過ぎれば熱さを忘れる,10
danger past god is forgotten,喉元過ぎれば熱さを忘れる,10
dead men can tell no tales,死人に口なし,10
dead men tell no tales,死人に口なし,10
death is the great leveller,死の前には皆平等,8
denial is not a river in egypt,"",1
devil take the hindmost,我が身さえよければそれでよい,7
diamonds are a girl's best friend,"",1
dicks before chicks,"",1
different clowns same circus,同じ穴のむじな,7
do as i say and not as i do,"",1
do as i say not as i do,"",1
do not keep a dog and bark yourself,船頭多くして船山に登る,3
do not put new wine into old bottles,古い革袋に新しい酒を入れるな,8
do not sit in rome and strive with the pope,郷に入っては郷に従え,9
do not spend it all in one place,一度に使い果たすな,5
do not spoil the ship for a ha'porth of tar,安物買いの銭失い,9
do not sympathize with those who can not empathize,"",1
do not teach your grandmother to suck eggs,釈迦に説法,10
do not throw pearls to swine,猫に小判,10
do not throw the baby out with the bathwater,本末転倒,7
do not try to walk before you can crawl,急いては事を仕損じる,7
do not upset the apple-cart,波風を立てるな,8
do not wash your dirty linen in public,内輪の恥は外へ出すな,8
do unto others as you would have them do unto you,情けは人のためならず,8
"do what i say, not what i do","",1
"doctor, heal thyself","",1
doctors make the worst patients,"",1
does macy's tell gimbel's,"",1
"dogs have masters, cats have staff","",1
dogs have masters; cats have staff,"",1
"dogs have owners, cats have staff","",1
don't drop the soap,"",1
"drop acid, not bombs","",1
"early marriage, earlier pregnant","",1
"easy, times easy, is still easy","",1
"eat breakfast like a king, lunch like a prince and dinner like a pauper","",1
ecree,"",1
every accusation is a confession,"",1
every silver lining has a cloud,"",1
extraordinary claims require extraordinary evidence,"",1
facts don't care about your feelings,"",1
failing to plan is planning to fail,"",1
fake it till you make it,"",3
fat is flavor,"",1
fat is flavour,"",1
"february fill dyke, be it black or be it white","",1
"feed a cold, starve a fever","",1
"finders, keepers; losers, weepers","",2
fingers were made before forks,"",1
fish and company stink after three days,"",2
fish and guests smell after three days,"",2
fool me once,"",1
"fool me once, shame on you","",2
fortune favors the daring,"",1
fortune favours the bold,"",1
fortune favours the bold/brave,"",1
fortune favours the brave,"",1
fortune favours the daring,"",1
free is for me,"",1
freedom ain't free,"",1
freedom is not free,"",1
freedom isn't free,"",1
freedom's not free,"",1
from the sublime to the ridiculous,"",1
game is game,"",1
"garbage in, garbage out","",1
"gender is between your ears, not between your legs","",1
genius is an infinite capacity for taking pains,"",1
"genius is one percent inspiration, ninety-nine percent perspiration","",1
"get woke, go broke","",1
give a dog a bad name and hang him,"",1
give a man a fish,"",1
give a man a fish and you feed him for a day. teach a man to fish and you feed him for a lifetime,"",1
give a man a fish and you feed him for a day; teach a man to fish and you feed him for a lifetime,"",1
give a man rope enough and he will hang himself,"",1
give credit where credit is due,"",1
give him an inch and he will take a mile,"",1
give someone an inch and someone will take a mile,"",1
give someone enough rope and they'll hang themself,"",1
give the devil his/her due,"",1
give them an inch and they'll take a mile,"",1
give them an inch and they'll take an ell,"",1
"given enough eyeballs, all bugs are shallow","",1
"go fash, lose cash","",1
go hard or go home,"",1
"go woke, go broke","",1
god doesn't give with both hands,"",1
god helps them that help themselves,"",1
god helps them who help themselves,"",1
god helps those who help themselves,"",1
god is in the detail,"",1
god works in mysterious ways,"",1
gods may do what cattle may not,"",1
gold is where you find it,"",1
"good artists copy, great artists steal","",1
good fences make good neighbors,"",1
good fences make good neighbours,"",1
good talk saves the food,"",1
good things come in small packages,"",1
good things come in threes,"",1
good things come to those who wait,"",1
good wine needs no bush,"",1
"good work ain't cheap, cheap work ain't good","",1
"grasp all, lose all","",1
great haste makes great waste,"",1
great minds,"",1
great minds think alike,"",1
great oaks from little acorns grow,"",1
"hair today, gone tomorrow","",1
half a loaf is better than no bread,"",1
half a loaf is better than no loaf,"",1
half a loaf is better than none,"",1
handsome is as handsome does,"",1
handsome is that handsome does,"",1
"happy wife, happy life","",1
hard cases make bad law,"",1
hard work never did anyone any harm,"",1
haste makes waste,"",1
"hate the game, not the player","",1
haters gonna hate,"",1
he laughs best that laughs last,"",1
"he that goes a-borrowing, goes a-sorrowing","",1
"he that mischief hatches, mischief catches","",1
"he who can, does; he who cannot, teaches","",1
he who denied it supplied it,"",1
he who digs a pit for others falls in himself,"",1
"he who fails to prepare, prepares to fail","",1
he who hesitates is lost,"",1
he who knows does not speak. he who speaks does not know,"",1
he who laughs last laughs best,"",1
he who laughs last laughs hardest,"",1
he who laughs last laughs longest,"",1
"he who lives by the sword, dies by the sword","",1
he who loves the world as his body may be entrusted with the empire,"",1
he who makes a beast out of himself gets rid of the pain of being a man,"",1
he who said the rhyme did the crime,"",1
he who smelt it dealt it,"",1
here we are,"",1
hoes before bros,"",1
"horses, not zebras","",1
how long is a piece of string,"",1
"hunger never knows the taste, sleep never knows the comfort","",1
hurt people hurt people,"",1
hydrate or diedrate,"",1
"i before e, except after c","",1
i want doesn't get,欲しがりません勝つまでは,6
i'm going to have to give you the pink slip,"",1
iar,"",1
idle hands are the devil's playthings,小人閑居して不善をなす,10
idle hands are the devil's tools,小人閑居して不善をなす,10
idle hands are the devil's workshop,小人閑居して不善をなす,10
idle hands make work for the devil,小人閑居して不善をなす,10
"if a job is worth doing, it is worth doing well",どうせやるなら徹底的にやれ,7
"if all you have is a hammer, everything looks like a nail",弘法にも筆の誤り,3
"if all you've got is a hammer, everything looks like a nail",弘法にも筆の誤り,3
"if anything can go wrong, it will",弱り目に祟り目,7
"if at first you do not succeed, try, try again",七転び八起き,10
if at first you don't succeed,七転び八起き,9
"if at first you don't succeed, try try again",七転び八起き,10
"if god had meant us to fly, he would have given us wings",身の程を知れ,8
"if ifs and ands were pots and pans, there would be no work for tinkers",たらればを言っても始まらない,8
"if ifs and buts were candies and nuts, we'd all have a merry christmas",たらればを言っても始まらない,8
"if ifs and buts were candy and nuts, we'd all have a merry christmas",たらればを言っても始まらない,8
"if it ain't broke, don't fix it",触らぬ神に祟りなし,8
"if it ain't busted, don't fix it",触らぬ神に祟りなし,8
if it looks like a duck,"",1
"if it looks like a duck, swims like a duck, and quacks like a duck, then it probably is a duck",火のない所に煙は立たぬ,4
"if it looks like a duck, swims like a duck, and quacks like a duck, then it's probably a duck",火のない所に煙は立たぬ,4
"if it were a snake, it would have bit you",灯台下暗し,9
if it were not for hope the heart would break,待てば海路の日和あり,7
if pigs had wings they would fly,絵に描いた餅,6
"if the mountain will not come to mohammed, then mohammed must go to the mountain",来ぬなら来させてみせよう,3
if the mountain won't come to mohammed,来ぬなら来させてみせよう,3
if the mountain won't come to muhammad,来ぬなら来させてみせよう,3
"if the mountain won't come to muhammad, then muhammad must go to the mountain",来ぬなら来させてみせよう,3
"if the shoe fits, wear it",図星を刺される,6
"if there's grass on the field, play ball","",1
"if there's grass on the pitch, play ball","",1
"if there's grass on the wicket, let's play cricket","",1
"if we had ham we could have ham and eggs, if we had eggs",ない袖は振れぬ,8
"if we had some ham we could have some ham and eggs, if we had some eggs",ない袖は振れぬ,8
"if wealth is lost, nothing is lost. if health is lost, something is lost. if character is lost, everything is lost",名を失うは身を失うに等しい,7
"if you believe everything you read, better not to read",鵜呑みにするな,6
"if you go far enough left, you get your guns back","",1
"if you have never seen the bottom of the tree, you cannot know how tall it stands","",1
"if you must dance with the devil, you might as well know his favorite song",敵を知り己を知れば百戦危うからず,6
"if you steal from one author, it is plagiarism; if you steal from many, it is research","",1
"if you torture the data long enough, it will confess to anything","",1
ignore all rules,"",1
"in like a lion, out like a lamb",暑さ寒さも彼岸まで,4
"in the country of the blind, the one-eyed man is king",一つ目は王様,7
"in the kingdom of the blind, the one eyed man is king",一つ目は王様,7
"in the land of the blind, the one-eyed man is king",一つ目は王様,7
"in the midst of life, we are in death",生者必滅会者定離,6
"in the valley of the blind, the one-eyed man is king",一つ目は王様,7
"in unity, there is strength",三人寄れば文殊の知恵,7
in vino veritas,酒は本心を表す,6
"in wine, there is truth",酒は本心を表す,6
into every life a little rain must fall,雨降って地固まる,6
"islands depend on reeds, just as reeds depend on islands",持ちつ持たれつ,8
it ain't over 'til the fat lady sings,終わりよければすべてよし,5
it ain't over till it's over,終わりよければすべてよし,5
it ain't over till the fat lady sings,終わりよければすべてよし,5
it ain't over till/until it's over,終わりよければすべてよし,5
it ain't over until the fat lady sings,終わりよければすべてよし,5
"it ain't the meat, it's the motion","",1
it ain't the whistle that pulls the train,"",1
it ain't what you don't know that gets you into trouble. it's what you know for sure that just ain't so,"",1
it doesn't matter what they say about you as long as they spell your name right,"",1
it goes without saying,言わずもがな,10
it is a small world,世間は狭い,10
it is a wise child that knows his own father,親の心子知らず,5
it is all grist to the mill,転んでもただでは起きぬ,8
it is always darkest before the dawn,明けない夜はない,9
it is always darkest just before the dawn,明けない夜はない,9
it is an ill wind,災い転じて福となす,6
it is best to be on the safe side,石橋を叩いて渡る,9
it is better to be smarter than you appear than to appear smarter than you are,能ある鷹は爪を隠す,9
"it is better to cultivate a land with two bulls, rather working under boss who never gives wage when asked","",1
it is better to give than to receive,情けは人のためならず,7
it is better to have loved and lost than never to have loved at all,恋せぬ人は恋を語れず,4
it is better to light a candle than curse the darkness,悪を憎んで人を憎まず,3
it is better to travel hopefully than to arrive,旅は道連れ世は情け,3
it is darkest before the dawn,明けない夜はない,9
it is darkest just before the dawn,明けない夜はない,9
it is easier for a camel to go through the eye of a needle than for a rich man to enter into the kingdom of god,"",1
it is easy to be wise after the event,後知恵は誰でもつく,8
it is easy to find a stick to beat a dog,悪く思えばきりがない,4
it is like juggling sand,"",1
it is on,"",1
it takes a village,"",1
it takes a village to raise a child,"",1
it takes a whole village to raise a child,"",1
it took nixon to go to china,"",1
it wasn't only only,"",1
it's an ill wind,禍を転じて福となす,6
it's better to be judged by twelve than to be carried by six,"",1
"it's not the meat, it's the motion","",1
it's not the whistle that pulls the train,"",1
iura novit curia,"",1
joan's as good as my lady in the dark,暗闇では猫も杓子も同じ,7
kill the chicken to scare the monkey,一罰百戒,9
kill the goose that lays the golden egg,鶏を殺して卵を取る,7
kill two birds with one stone,一石二鳥,10
kindness in words creates confidence. kindness in thinking creates profoundness. kindness in giving creates love,"",1
kissing goes by favor,色の道は理屈なし,5
knee-high by the fourth of july,"",1
knock on (or touch) wood,縁起でもないことを言うな,5
know thyself,己を知れ,9
know which side (one's) bread is buttered,誰の世話になって飯を食っているかをわきまえる,6
knowledge is power,知識は力なり,9
"knowledge is power, guard it well","",1
late lunch makes day go faster,"",1
laugh and grow fat,笑う門には福来たる,9
"laugh and the world laughs with you, weep and you weep alone",泣き面に蜂,3
"laugh before breakfast, cry before supper",朝笑う者は夕べ泣く,6
laughter is the best medicine,笑いは百薬の長,10
"learn a language, and you will avoid a war","",1
"least said, soonest mended",口は災いの元,7
leave with the one that brought ya,義理を欠くな,6
leave with the one that brung ya,義理を欠くな,6
leave with the one that brung you,義理を欠くな,6
leave with the one what brought ya,義理を欠くな,6
leave with the one what brought you,義理を欠くな,6
leave with the one what brung ya,義理を欠くな,6
leave with the one what brung you,"",1
leave with the one who brought ya,"",1
leave with the one who brought you,"",1
leave with the one who brung ya,"",1
leave with the one who brung you,"",1
"leaves of three, let it be","",1
less is more,"",1
let a thousand flowers bloom,"",1
let bygones be bygones,"",1
let george do it,"",1
let not the sun go down on your wrath,"",1
let sleeping aussies lie,"",1
let sleeping dogs lie,"",1
let the buyer beware,"",1
let the cat out of the bag,"",1
let the cobbler stick to his last,"",1
let the dead bury the dead,"",1
let the punishment fit the crime,"",1
let well alone,"",1
let your hair down,"",1
lex dubia non obligat,"",1
lie back and think of england,"",1
life begins at forty,"",1
life is like a box of chocolates,"",1
life is not all beer and skittles,"",1
life is too short not to do something that matters,"",1
life is what you make it,"",1
life's a bitch and then you die,"",1
"life's a bitch, and then you die","",1
lightning does not strike twice in the same place,"",1
lightning doesn't strike twice in the same place,"",1
lightning never strikes the same place twice,"",1
lightning never strikes twice,"",1
lightning never strikes twice in the same place,"",1
like father like son,"",1
"like father, like son","",1
"like mother, like daughter","",1
like) trying to grow a goose,"",1
little pitchers have big ears,"",1
little pitchers have long ears,"",1
little strokes fell great oaks,"",1
little things please little minds,"",1
live and let live,"",1
"live by the sword, die by the sword","",1
live each day as if it were your last and one day you will surely be right,"",1
"live fast, die young","",1
"live for today, for tomorrow never comes","",1
"live not to eat, but eat to live","",1
live to fight another day,"",1
"location, location, location","",1
"long absent, soon forgotten","",1
"long ways, long lies","",1
look before you leap,"",1
lookers-on see most of the game,"",1
looks can be deceiving,"",1
loose lips sink ships,"",1
loss and gain are brothers twain,"",1
love cannot be forced,"",1
love conquers all,"",1
love is blind,"",1
love is love,"",1
love makes the world go around,"",1
love of money is the root of all evil,"",1
love the sinner but hate the sin,"",1
"love the sinner, hate the sin","",1
love will find a way,"",1
"lucky at cards, unlucky in love","",1
mackerel sky and mare's-tails make lofty ships carry low sails,"",1
mackerel sky and mare's-tails make tall ships carry low sails,"",1
make hay while the sun shines,"",1
memory is the treasure of the mind,"",1
"men get spoiled by staying, women get spoiled by wandering","",1
milking the bull,"",1
misters before sisters,"",1
mocking is catching,"",1
"monday's child is fair of face, tuesday's child is full of grace, wednesday's child is full of woe, thursday's child has far to go, friday's child is loving and giving, saturday's child works hard for its living, and a child that is born on the sabbath day is fair and wise and good and gay","",1
"money talks, wealth whispers","",1
money won is twice as sweet as money earned,"",1
nature abhors a vacuum,"",1
nature does not do anything in vain,"",1
nearly never bulled a cow,やらずに後悔するよりやって後悔せよ,5
never fight a land war in asia,君子危うきに近寄らず,6
nine tailors make a man,"",1
"nine you're fine, ten you're mine","",1
no friends but the mountains,所詮この世はひとり,4
"no hymen, no diamond","",1
of course my horse,"",1
on the internet nobody knows you're a dog,花も実もある話は少ない,3
"on the internet, nobody knows you're a dog",花も実もある話は少ない,3
"once a woman, twice a child",老いては子に従え,4
"once you go black, you never go back","",1
"one can't live with them, one can't live without them",男と女は持ちつ持たれつ,5
one might as well throw water into the sea as to do a kindness to rogues,猫に小判,8
"one night with venus, a lifetime with mercury",一時の快楽一生の悔い,6
only fools and horses work,"",1
ontogeny recapitulates phylogeny,"",1
parsley seed goes nine times to the devil,"",1
perfect is the enemy of good enough,完璧を求めるあまり本質を見失う,6
perfection is the enemy of good,完璧を求めるあまり本質を見失う,6
"physician, heal thyself",医者の不養生,10
"pink sky at night, sailors' delight; pink sky at morning, sailors take warning",夕焼けは晴れ、朝焼けは雨,9
"pink sky at night, sailors' delight; pink sky in the morning, sailors take warning",夕焼けは晴れ、朝焼けは雨,9
pitchers have ears,壁に耳あり障子に目あり,10
"play stupid games, win stupid prizes",自業自得,9
plus ça change,所変われば品変わる,3
poor is a mindset,心が貧しければ何を持っても満たされない,4
poor is a state of mind,心が貧しければ何を持っても満たされない,4
poorness is a state of mind,心が貧しければ何を持っても満たされない,4
possession is nine points of the law,先んずれば人を制す,4
possession is nine-tenths of the law,先んずれば人を制す,4
poverty is a mindset,心が貧しければ何を持っても満たされない,4
poverty is a state of mind,心が貧しければ何を持っても満たされない,4
"power corrupts, absolute power corrupts absolutely",権力は人を狂わせる,7
power corrupts; absolute power corrupts absolutely,権力は人を狂わせる,7
practice makes perfect,習うより慣れろ,9
practice makes progress,継続は力なり,9
practice what you preach,言うは易く行うは難し,7
preaching to the choir,釈迦に説法,10
pressure makes diamonds,雨降って地固まる,7
prevention is better than cure,転ばぬ先の杖,10
pride comes before a fall,"",1
pride comes before the fall,"",1
pride comes/goes before a fall,"",1
pride cometh before a fall,"",1
pride goes before a fall,"",1
pride goeth before a fall,"",1
pride wenteth before a fall,"",1
procrastination is the thief of time,"",1
proverbs come in pairs,"",1
proverbs go in pairs,"",1
proverbs hunt in pairs,"",1
proverbs often come in pairs,"",1
proverbs run in pairs,"",1
proverbs should be sold in pairs,"",1
proverbs should be writ in pairs,"",1
proverbs should come in pairs,"",1
proverbs should go in pairs,"",1
quidquid latine dictum sit altum videtur,"",1
"race on sunday, sell on monday","",1
real men don't eat quiche,"",1
reason is the slave of passion,"",1
revolutions are not made with rosewater,"",1
scratch a liberal and a fascist bleeds,"",1
scratch a liberal and you'll find a fascist,"",1
"sell in may, then go away","",1
"sell in may, then stay away","",1
semper ubi sub ubi,"",1
silence is oppression,"",1
sisters before misters,"",1
smooth move,"",1
snitches get stitches,"",1
snitches get stitches and end up in ditches,"",1
snitches get stitches and wind up in ditches,"",1
so far so bad,"",1
sometimes we are the student. sometimes we are the master. and sometimes we are merely the lesson,"",1
sore boob means more boob,"",1
spitters are quitters,"",1
success is a great deodorant,"",1
the comeback is greater than the setback,"",1
the exception which proves the rule,"",2
the family that prays together stays together,家族仲良きことは良きことかな,6
the female of the species is more deadly than the male,女の恨みは海より深い,7
the first turn of the screw pays all debts,"",1
the freaks come out at night,夜目遠目笠の内,3
the fucking you get isn't worth the fucking you get,割に合わない,4
the fucking you get isn't worth the fucking you take,割に合わない,4
the fucking you get isn't worth the fucking you're going to get,割に合わない,4
the grey mare is the better horse,かかあ天下,9
the husband is always the last to know,亭主の不知火,6
the internet never forgets,一度口から出た言葉は戻らない,6
the law is a ass,法は情けを知らず,8
the law is an arse,法は情けを知らず,8
the law is an ass,法は情けを知らず,8
the longest pole knocks the persimmon,長い物には巻かれろ,5
the lord works in mysterious ways,神のなさることは人知の及ばぬところ,7
"the more one learns about people, the more one likes one's pet",人間不信,3
"the odds are good, but the goods are odd","",1
the old wooden spoon beats me down,"",1
the only way to understand a woman is to love her,惚れて通えば千里も一里,5
the poor we will always have with us,貧乏暇なし,4
the revolution will not be televised,"",1
the screwing you get isn't worth the screwing you get,割に合わない,4
the screwing you get isn't worth the screwing you take,割に合わない,4
the screwing you get isn't worth the screwing you're going to get,割に合わない,4
the stupid monkey knows not to eat the banana skin,猿も木から落ちる,5
the world is one's lobster,"",1
there are more horses' asses than horses,馬鹿は死ななきゃ治らない,4
there is no such thing as bad press,悪名は無名に勝る,9
there is no such thing as bad publicity,悪名は無名に勝る,10
"there is no such thing as bad weather, only bad clothing",備えあれば憂いなし,7
there is reason in the roasting of eggs,"",1
there may be snow on the mountaintop but there's fire in the valley,頭は白くとも心は若い,6
there may be snow on the rooftop but there is fire in the furnace,頭は白くとも心は若い,6
there's no business like show business,芸は身を助ける,4
there's no need to wear a hair shirt,自分を責めすぎるな,2
they'll do it every time,懲りない面々,4
"those who can't do, teach",言うは易く行うは難し,8
those who know many languages live as many lives as the languages they know,旅は人を賢くする,4
time goes by slowly when you are living intensely,楽しい時間はあっという間,3
to learn a language is to have one more window from which to look at the world,井の中の蛙大海を知らず,4
today is a good day to die,人間万事塞翁が馬,3
tokens get spent,"",1
treat 'em mean to keep 'em keen,押して駄目なら引いてみな,6
"treat 'em mean, keep 'em keen",押して駄目なら引いてみな,6
"treat them mean, keep them keen",押して駄目なら引いてみな,6
truth is more valuable if it takes you a few years to find it,急がば回れ,5
two wrongs make a right,悪事千里を走る,3
what is the worst that can happen,案ずるより産むが易し,8
what wins on sunday sells on monday,勝てば官軍,5
"when the oak is before the ash, then you will only get a splash; when the ash is before the oak, then you may expect a soak","",1
where there's no sense there's no feeling,馬の耳に念仏,4
whoever smelt it dealt it,図星をさされると腹を立てる,4
why buy a book when you can join a library,借りてきた猫,1
woman is the root of both good and evil,女は弱し、されど母は強し,3
wrap it before you tap it,"",1
y'all means all,"",1
you can't turn a hoe into a housewife,三つ子の魂百まで,7
you cannot push a rope,馬を水辺に連れて行けても水を飲ませることはできない,6
you don't dip your pen in the inkwell,"",1
you either die a hero or live long enough to see yourself become the villain,好事魔多し,6
you must spoil before you spin,失敗は成功のもと,9
"you smelt it, you dealt it",図星をさされると腹を立てる,4
your net worth is your network,持つべきものは友,7
your network is your net worth,持つべきものは友,7
