en,zh,confidence
a bad excuse is better than none,好死不如赖活,6
a bad penny always comes back,冤家路窄,8
a bad penny always turns up,冤家路窄,8
a bad tree does not yield good apples,龙生龙凤生凤老鼠生的会打洞,7
a bad workman always blames his tools,拙匠常怨工具差,9
a bad workman blames his tools,拙匠常怨工具差,9
a barking dog never bites,会叫的狗不咬人,9
a barking dog seldom bites,会叫的狗不咬人,8
a bird in the hand,一鸟在手,6
a bird in the hand is worth two in the bush,一鸟在手胜过双鸟在林,9
a broken clock is right twice a day,瞎猫碰上死耗子,7
a buck is a buck,蚊子再小也是肉,8
a buck is a buck is a buck,蚊子再小也是肉,8
a buck's a buck,蚊子再小也是肉,8
a burnt child dreads the fire,一朝被蛇咬十年怕井绳,10
a camel is a horse designed by a committee,三个和尚没水吃,7
a camel is a horse made by a committee,三个和尚没水吃,7
a camel is a horse made by committee,三个和尚没水吃,7
a cat can look at a king,王子犯法与庶民同罪,6
a cat in gloves catches no mice,不入虎穴焉得虎子,7
a cat may look at a king,王子犯法与庶民同罪,6
a chain is as strong as its weakest link,木桶原理短板决定高度,7
a chain is no stronger than its weakest link,木桶原理短板决定高度,7
a chain is only as strong as its weakest link,木桶原理短板决定高度,7
a closed mouth catches no flies,祸从口出,6
a closed mouth doesn't get fed,不说没人知道,5
a closed mouth gathers no feet,病从口入祸从口出,6
a contented mind is a perpetual feast,知足常乐,10
a creaking door hangs long on its hinges,老来多健忘唯不忘相思,3
a danger foreseen is half avoided,防患于未然,9
a drowning man will clutch at a straw,溺水者连稻草也要抓,7
a drowning man will grab at a straw,溺水者连稻草也要抓,7
a drowning man will grab at straws,溺水者连稻草也要抓,7
a drowning man will grasp at a straw,溺水者连稻草也要抓,7
a drowning man will grasp at straws,溺水者连稻草也要抓,7
a fair booty makes many a thief,人为财死鸟为食亡,8
a fault confessed is half redressed,知错能改善莫大焉,8
a fool and his money are soon parted,财不入愚人之门,7
a foolish consistency is the hobgoblin of little minds,拘泥成见，难有长进,4
a friend in need is a friend indeed,患难见真情,10
a friend to everyone is a friend to no one,八面玲珑，难得真心,5
a golden key can open any door,有钱能使鬼推磨,9
a good beginning makes a good ending,良好的开端是成功的一半,10
a good conscience is a soft pillow,不做亏心事，不怕鬼敲门,9
a good deed is its own reward,行善自有善报,8
a healthy body is a healthy mind,身体是革命的本钱,7
a hit dog hollers,谁鞋子挤脚谁知道,4
a hit dog will holler,谁鞋子挤脚谁知道,4
a house divided against itself cannot stand,家和万事兴,7
a house is not a home,金窝银窝不如自家草窝,6
a hungry man is an angry man,人是铁，饭是钢，一顿不吃饿得慌,5
a journey of a thousand miles begins with a single step,千里之行，始于足下,10
a leopard cannot change its spots,江山易改，本性难移,10
a leopard does not change its spots,江山易改，本性难移,10
a lie can run around the world before the truth can get its boots on,谣言跑得快，真相追得累,6
a lie has no legs,谎言站不住脚,9
a little knowledge is a dangerous thing,一知半解最误事,8
a little learning is a dangerous thing,一知半解最误事,8
a man is known by the company he keeps,近朱者赤，近墨者黑,10
a man's home is his castle,家是最温暖的港湾,6
a mill cannot grind with the water that is past,覆水难收,7
a mind is a terrible thing to waste,浪费人才是最大的浪费,6
a miss is as good as a mile,差之毫厘，失之千里,9
"a moment on the lips, a lifetime on the hips",嘴上一时爽，肉在腰上长,8
a new broom sweeps clean,新官上任三把火,10
"a new broom sweeps clean, but an old broom knows all the corners",新官上任三把火，老臣熟门熟路,5
"a new broom sweeps clean, but an old broom knows the corners",新官上任三把火，老臣熟门熟路,5
"a new broom sweeps clean, but the old broom knows the corners",新官上任三把火，老臣熟门熟路,5
a new language is a new life,多一门语言，多一条路,7
a nod is as good as a wink,一点就透,7
a nod is as good as a wink to a blind horse,对牛弹琴,8
a penny saved is a penny earned,省一文是一文,8
a penny saved is a penny gained,省一文是一文,8
a picture is worth a thousand words,一图胜千言,10
a picture paints a thousand words,一图胜千言,10
a problem shared is a problem halved,众人拾柴火焰高,7
a promise is a promise,一诺千金,9
a promise made is a promise kept,言必信行必果,9
a prophet has no honor in his own country,外来的和尚会念经,7
a prophet is not without honor save in his own country,外来的和尚会念经,7
a revolution is not a dinner party,革命不是请客吃饭,10
a rising tide lifts all boats,水涨船高,10
a rolling stone gathers no moss,滚石不生苔,9
"a ship in a harbour is safe, but that's not what a ship is for",船到江心补漏迟,5
a smooth sea never made a skilled sailor,不经风雨难见彩虹,8
a sorrow shared is a sorrow halved,同病相怜,6
a stick in a bundle cannot be broken,团结就是力量,9
a stick in a bundle is unbreakable,团结就是力量,9
a stitch in time,小洞不补大洞吃苦,8
a stitch in time saves nine,小洞不补大洞吃苦,9
a stopped clock is right twice a day,瞎猫碰上死耗子,7
a straw shows how the wind blows,见微知著,9
a straw shows which way the wind blows,见微知著,9
a sucker is born every minute,天下没有不长眼的冤大头,6
a trouble shared is a trouble halved,众人拾柴火焰高,7
a twig in a bundle cannot be broken,团结就是力量,9
a twig in a bundle is unbreakable,团结就是力量,9
a watched kettle never boils,心急水不开,8
a watched pot never boils,心急水不开,9
a watched pot never boils over,心急水不开,7
a watched pot/kettle never boils,心急水不开,9
a wild goose never laid a tame egg,龙生龙凤生凤老鼠生儿会打洞,8
a woman's work is never done,女人的活儿没有干完的时候,6
a worry shared is a worry halved,众人拾柴火焰高,6
absence makes the heart grow fonder,小别胜新婚,9
absolute power corrupts absolutely,权力导致腐败绝对的权力导致绝对的腐败,8
accidents will happen,天有不测风云,9
accidents will happen in the best regulated families,家家有本难念的经,8
almost only counts in horseshoes and hand grenades,差之毫厘，失之千里,7
an apple a day keeps the doctor at bay,预防胜于治疗,8
an apple a day keeps the doctor away,预防胜于治疗,9
an army marches on its stomach,兵马未动，粮草先行,10
an englishman's home is his castle,家是温暖的港湾,6
an englishman's home is his castle/a man's home is his castle,家是温暖的港湾,6
an eye for an eye makes the whole world blind,冤冤相报何时了,10
"an eye for an eye, a tooth for a tooth",以牙还牙，以眼还眼,10
an honest man doesn't need to remember much,身正不怕影子斜,8
an image is worth a thousand words,百闻不如一见,9
an old dog for a hard road,姜还是老的辣,9
an ounce of prevention is better than a pound of cure,防患于未然,9
an ounce of prevention is better than an ounce of cure,防患于未然,8
an ounce of prevention is worth a pound of cure,防患于未然,9
"another day, another dollar",混口饭吃,5
any exposure is good exposure,好事不出门，坏事传千里,5
any port in a storm,饥不择食，寒不择衣,7
any press is good press,好事不出门，坏事传千里,6
any publicity is good publicity,好事不出门，坏事传千里,6
anything worth doing is hard,玉不琢，不成器,6
appearances are deceptive,人不可貌相，海水不可斗量,10
april showers bring forth may flowers,不经风雨，怎见彩虹,9
april showers bring may flowers,不经风雨，怎见彩虹,9
"art is long, life is short",学海无涯，人生苦短,7
"as a dog returns to his vomit, so a fool repeats his folly",重蹈覆辙,8
"as a tree bends, so shall it grow",小时偷针，长大偷金,7
"as one door closes, another opens",此处不留人，自有留人处,8
"as the mountain could not wait upon mahomet, mahomet would go to the mountain",山不就我，我就山,4
"as the twig is bent, so is the tree inclined",三岁看大，七岁看老,9
"as you have brewed, so you must drink",自作自受,10
"as you make your bed, so you must lie in it",自食其果,10
"as you make your bed, so you must lie upon it",自食其果,10
as you sow so shall you reap,种瓜得瓜，种豆得豆,10
"as you sow, so shall you reap",种瓜得瓜，种豆得豆,10
ask a silly question and you will get a silly answer,什么样的问题，什么样的答案,3
"ask a silly question, get a silly answer",什么样的问题，什么样的答案,3
"ask a stupid question, get a stupid answer",自作自受,6
ask no questions and hear no lies,眼不见心不烦,7
at the end of my rope,山穷水尽,8
attack is the best form of defence,攻为守之本,8
attack is the best form of defense,攻为守之本,8
attitude reflects leadership,上梁不正下梁歪,10
bad facts make bad law,坏的开头坏的结果,3
bad money drives out good,劣币驱逐良币,10
bad news travels fast,好事不出门，坏事传千里,10
bad things come in threes,祸不单行,9
barking dogs never bite,会叫的狗不咬人,9
barking dogs seldom bite,会叫的狗不咬人,9
be yourself,做自己,7
"beauty fades, dumb is forever",红颜易老，愚蠢难医,4
beauty is but skin-deep,人不可貌相,8
beauty is in the eye of the beholder,情人眼里出西施,10
beauty is only skin deep,人不可貌相,8
beauty never boiled the pot,美貌当不了饭吃,7
beauty won't boil the pot,美貌当不了饭吃,7
beauty won't make the pot boil,美貌当不了饭吃,7
"before setting out on a mission of vengeance, dig two graves",害人终害己,8
beggars can't be choosers,饥不择食,10
beggars cannot be choosers,饥不择食,10
behind every great man is a great woman,每个成功男人背后都有一个伟大的女人,8
behind every great man there stands a woman,每个成功男人背后都有一个伟大的女人,8
"behind every great man, there is a great woman",每个成功男人背后都有一个伟大的女人,8
behind every successful man there stands a woman,每个成功男人背后都有一个伟大的女人,8
believing is seeing,心诚则灵,6
"bet on the jockey, not the horse",宁看家门，不看人穷,3
"bet the jockey, not the horse",宁看家门，不看人穷,3
better an egg today than a hen tomorrow,一鸟在手胜过双鸟在林,9
better is the enemy of good,完美是好事之敌,3
better late than never,亡羊补牢，犹未为晚,9
better one word in time than two afterwards,良言一句三冬暖,4
better safe than sorry,小心驶得万年船,10
better the devil you know,明知山有虎，偏向虎山行,5
better the devil you know than the devil you don't,明知山有虎，偏向虎山行,5
better the devil you know than the devil you don't know,明知山有虎，偏向虎山行,5
better the devil you know than the one you don't,明知山有虎，偏向虎山行,5
better the devil you know than the one you don't know,明知山有虎，偏向虎山行,5
better to have loved and lost than never to have loved at all,曾经沧海难为水,6
better to light a candle than to curse the darkness,与其诅咒黑暗，不如点亮蜡烛,9
better to light a single candle than to curse the darkness,与其诅咒黑暗，不如点亮蜡烛,9
better to light one candle than to curse the darkness,与其诅咒黑暗，不如点亮蜡烛,9
better to light one small candle than to curse the darkness,与其诅咒黑暗，不如点亮蜡烛,9
better to reign in hell than serve in heaven,宁为鸡头，不为凤尾,10
better to remain silent and be thought a fool than to speak and remove all doubt,沉默是金,7
better wear out than rust out,人老心不老,4
beware of greeks bearing gifts,黄鼠狼给鸡拜年，没安好心,10
big fish eat little fish,弱肉强食,10
big things come in small packages,浓缩的都是精华,9
bird in the hand,一鸟在手胜过双鸟在林,8
birds of a feather,物以类聚,10
birds of a feather flock together,物以类聚，人以群分,10
birds of the feather flock together,物以类聚，人以群分,10
blood is thicker than water,血浓于水,10
born with a silver spoon in one's mouth,含着金汤匙出生,7
boys will be boys,男孩子嘛，总是这样,6
brevity is the soul of wit,言多必失,5
bros before hoes,兄弟如手足,6
bros before hos,兄弟如手足,6
business before pleasure,先工作后享乐,7
"buy cheap, buy twice",一分钱一分货,10
"by failing to prepare, you are preparing to fail",不打无准备之仗,8
caesar's wife must be above suspicion,身正不怕影子斜,8
calm seas never made a good sailor,不经风雨，难见彩虹,9
"can't live with 'em, can't live without 'em",有她烦没她更烦,5
can't live with them and can't live without them,有她烦没她更烦,5
"can't live with them, can't live without them",有她烦没她更烦,5
"cannot live with them, cannot live without them",有她烦没她更烦,5
care killed a cat,愁多白了少年头,4
care killed the cat,愁多白了少年头,4
careless talk costs lives,祸从口出,10
carpe diem,今朝有酒今朝醉,8
cast not a clout till may be out,春捂秋冻,7
caveat lector,读书须细读,5
charity begins at home,修身齐家而后治国平天下,7
cheaters never prosper,君子爱财取之有道,7
cheats never prosper,害人终害己,8
"cheese, wine, and friends must be old to be good",酒香不怕巷子深,5
children should be seen and not heard,小孩子不要多嘴,6
christmas comes but once a year,良机难得,6
civility costs nothing and buys everything,礼多人不怪,9
"claw me, claw thee",礼尚往来,8
cleanliness is next to godliness,讲究卫生，人人有责,4
clogs to clogs in three generations,富不过三代,10
close only counts in horseshoes,差之毫厘，失之千里,9
close only counts in horseshoes and darts,差之毫厘，失之千里,8
close only counts in horseshoes and hand grenades,差之毫厘，失之千里,8
clothes don't make the man,人不可貌相，海水不可斗量,10
clothes make the man,人要衣装，佛要金装,10
clothes maketh the man,人要衣装，佛要金装,10
"cobbler, keep to your last",各行如各山,6
coffee and love taste best when hot,热恋最甜,3
comparison is the thief of joy,人比人气死人,9
comparisons are odious,人比人气死人,9
cool heads must prevail,冷静才能制胜,6
cool heads prevail,冷静才能制胜,7
cool heads will prevail,冷静才能制胜,7
cooler heads must prevail,冷静才能制胜,7
cooler heads prevail,冷静才能制胜,7
cooler heads will prevail,冷静才能制胜,7
count your blessings,知足常乐,10
cowards may die many times before their death,懦夫一生死多次,3
cream rises,金子总会发光,10
crime does not pay,举头三尺有神明,8
crime doesn't pay,天网恢恢，疏而不漏,10
cross my heart and hope to die stick a needle in my eye,我发誓,6
cross the stream where it is shallowest,量力而行,7
curiosity killed the cat,好奇害死猫,10
curses like chickens come home to roost,种瓜得瓜种豆得豆,8
cut your coat according to your cloth,量入为出,10
dance with the one that brought ya,饮水思源,8
dance with the one that brought you,饮水思源,8
dance with the one that brung ya,饮水思源,8
dance with the one that brung you,饮水思源,8
dance with the one what brought ya,饮水思源,7
dance with the one what brought you,饮水思源,7
dance with the one what brung ya,饮水思源,7
dance with the one what brung you,饮水思源,7
dance with the one who brought ya,饮水思源,8
dance with the one who brought you,饮水思源,8
dance with the one who brung ya,饮水思源,8
dance with the one who brung you,饮水思源,8
danger past and god forgotten,好了伤疤忘了疼,9
danger past god forgotten,好了伤疤忘了疼,9
danger past god is forgotten,好了伤疤忘了疼,9
dead men can tell no tales,死人不开口,6
dead men tell no tales,死人不开口,6
death is the great leveller,黄泉路上不分贵贱,7
desperate times call for desperate measures,非常之时行非常之策,8
desperate times require desperate measures,非常之时行非常之策,8
devil lies in the details,细节决定成败,10
devil take the hindmost,人不为己天诛地灭,6
diamonds are a girl's best friend,有钱才是硬道理,5
dicks before chicks,兄弟如手足,6
different clowns same circus,换汤不换药,9
different strokes for different folks,萝卜青菜各有所爱,10
discretion is the better part of valor,留得青山在不怕没柴烧,9
discretion is the better part of valour,留得青山在不怕没柴烧,9
divide and conquer,分而治之,10
do as you would be done by,己所不欲勿施于人,10
do not bite the hand that feeds you,不要恩将仇报,10
do not burn your bridges behind you,留得青山在，不怕没柴烧,8
do not carry coals to newcastle,画蛇添足,7
do not cast your pearls before swine,对牛弹琴,10
do not change horses in midstream,中途换将不利,7
do not count your chickens before they are hatched,鸡蛋未孵先数雏,9
do not cross the bridge till you come to it,船到桥头自然直,10
do not cry over spilled milk,覆水难收,9
do not cut off your nose to spite your face,杀敌一千自损八百,8
do not dish it if you can't take it,只许州官放火，不许百姓点灯,6
do not judge a book by its cover,人不可貌相，海水不可斗量,10
do not keep a dog and bark yourself,请神容易送神难,3
do not let the bastards grind you down,不到黄河心不死,5
do not let the grass grow beneath (one's) feet,雷厉风行,7
do not look a gift horse in the mouth,拿人手短，吃人嘴软,6
do not make a mountain out of a mole hill,小题大做,10
do not meet troubles half-way,杞人忧天,7
do not put all your eggs in one basket,不要把鸡蛋放在一个篮子里,9
do not put new wine into old bottles,新瓶装旧酒,6
do not put off until tomorrow what you can do today,今日事，今日毕,10
do not put the cart before the horse,本末倒置,10
do not put too many irons in the fire,贪多嚼不烂,8
do not rock the boat,不要节外生枝,7
do not shut/lock the stable door after the horse has bolted,亡羊补牢，未为晚也,9
do not spend it all in one place,省吃俭用细水长流,6
do not spoil the ship for a ha'porth of tar,因小失大,8
do not teach your grandmother to suck eggs,班门弄斧,10
do not throw pearls to swine,对牛弹琴,10
do not throw the baby out with the bathwater,因噎废食,9
do not try to walk before you can crawl,欲速则不达,8
do not upset the apple-cart,不要打乱阵脚,6
do not wash your dirty linen in public,家丑不可外扬,10
do unto others as you would have them do unto you,己所不欲，勿施于人,10
"do what i say, not what i do",只听其言，不看其行,4
"doctor, heal thyself",医不自治,7
doctors make the worst patients,当局者迷，旁观者清,4
"dogs have owners, cats have staff",狗拿耗子多管闲事,3
don't change a winning team,胜不更兵,9
don't count your chickens,不要高兴得太早,7
don't count your chickens before the eggs have hatched,鸡蛋未孵先数雏,10
don't count your chickens before they're hatched,鸡蛋未孵先数雏,10
don't count your chickens before they've hatched,鸡蛋未孵先数雏,10
don't count your chicks,不要高兴得太早,6
don't count your chicks before they hatch,鸡蛋未孵先数雏,10
don't count your chicks before they're hatched,鸡蛋未孵先数雏,10
don't cry over spilled milk,覆水难收,10
don't dip your pen in company ink,兔子不吃窝边草,9
don't drive faster than your guardian angel can fly,车到山前必有路，车毁人亡也常有,3
don't fight the tape,逆势而行必自毙,4
don't fish off the company dock,兔子不吃窝边草,9
don't get above your raising,不要忘本,6
"don't get mad, get even",君子报仇，十年不晚,7
don't get your honey where you make your money,兔子不吃窝边草,9
don't get your hopes up,不要抱太大希望,7
don't get your meat where you get your bread,兔子不吃窝边草,9
"don't hate the player, hate the game",不怨天，不尤人,5
don't judge a book by its cover,人不可貌相，海水不可斗量,10
don't keep a dog and bark yourself,请神容易送神难,2
don't look a gift horse in the mouth,拿人手短，吃人嘴软,5
don't mess with success,胜不更兵,8
don't put all your eggs in one basket,不要把鸡蛋放在同一个篮子里,10
don't sell the skin till you have caught the bear,鸡蛋未孵先数雏,7
don't shit in your own nest,不要砸自己的饭碗,9
don't shit where you eat,不要砸自己的饭碗,9
don't shoot the messenger,不杀来使,8
don't sweat the small stuff,不要为芝麻小事烦恼,6
don't take any wooden nickels,别上当受骗,5
don't teach your grandmother how to milk ducks,不要班门弄斧,9
don't teach your grandmother to steal sheep,不要班门弄斧,9
don't try to teach grandma how to suck eggs,不要班门弄斧,10
"doubt is the beginning, not the end, of wisdom",学问之道无他，求其放心而已矣,3
drastic times call for drastic measures,非常之时行非常之事,8
dripping water hollows a stone,滴水穿石,10
"drive for show, putt for dough",细节决定成败,6
drunk words are sober thoughts,酒后吐真言,10
drunken words are sober thoughts,酒后吐真言,10
e pluribus unum,众志成城,7
each to his own,各有所好,9
"early to bed and early to rise makes a man healthy, wealthy and wise",早睡早起身体好,8
"early to bed, early to rise, makes a man healthy, wealthy and wise",早睡早起身体好,8
easier said than done,说来容易做来难,10
"east is east, and west is west",东是东来西是西,4
"east, west, home is best",金窝银窝不如自家草窝,9
"easy come, easy go",来得容易去得快,10
"eat breakfast like a king, lunch like a prince and dinner like a pauper",早饭要吃好，午饭要吃饱，晚饭要吃少,9
"eat to live, not live to eat",为生而食，不为食而生,6
"eat, drink and be merry",吃喝玩乐,8
"eat, drink and be merry for tomorrow we die",今朝有酒今朝醉,10
"eat, drink and be merry, for tomorrow we die",今朝有酒今朝醉,10
"eat, drink, and be merry",吃喝玩乐,8
"eat, drink, and be merry, for tomorrow we die",今朝有酒今朝醉,10
eaten bread is soon forgotten,吃过嘴软拿过手短,5
empty barrels make the most noise,满瓶不响半瓶晃荡,10
empty cans make the most noise,满瓶不响半瓶晃荡,10
empty vessels make the most noise,满瓶不响半瓶晃荡,10
empty vessels make the most sound,满瓶不响半瓶晃荡,10
enough is as good as a feast,知足常乐,9
est modus in rebus,凡事要有分寸,6
even a blind pig can find an acorn,瞎猫碰上死耗子,10
even a blind pig can find an acorn once in a while,瞎猫碰上死耗子,10
even a blind squirrel can find a nut once in a while,瞎猫碰上死耗子,10
even a blind squirrel finds an acorn every now and then,瞎猫碰上死耗子,10
even a blind squirrel finds an acorn every once in a while,瞎猫碰上死耗子,10
even a broken clock is right twice a day,狗屎里也能踩出个金元宝,5
even a stopped clock is right twice a day,狗屎里也能踩出个金元宝,5
even a worm will turn,兔子急了还咬人,9
even from a foe a man may learn wisdom,三人行必有我师,6
even homer nods,智者千虑必有一失,9
even jove nods,智者千虑必有一失,9
every barrel has a rotten apple,林子大了什么鸟都有,7
every cloud has a silver lining,塞翁失马焉知非福,9
every dark cloud has a silver lining,塞翁失马焉知非福,9
every day is a school day,活到老学到老,10
every dog has his day,人人都有出头日,8
every dog has its day,人人都有出头日,8
every dog must have his day,人人都有出头日,8
every dog must have its day,人人都有出头日,8
every jack has his jill,天生一对,7
every law has a loophole,上有政策下有对策,8
every law has its loophole,上有政策下有对策,8
every little bit helps,积少成多,10
every little helps,积少成多,10
every man for himself,人不为己天诛地灭,8
every man has a price,重利之下必有勇夫,6
every man has his price,重利之下必有勇夫,6
every man is the architect of his own fortune,命运掌握在自己手中,7
every miller draws water to his own mill,各人自扫门前雪,7
every picture tells a story,一图胜千言,9
every rose has a thorn,瑕不掩瑜,6
every rose has its thorn,瑕不掩瑜,6
every rule has an exception,事无绝对,9
every shut eye isn't asleep,闭着眼不一定在睡觉,4
every silver lining has a cloud,乐极生悲,7
every stick has two ends,一体两面,5
every tide has its ebb,盛极必衰,8
everybody wants to go to heaven but nobody wants to die,鱼和熊掌不可兼得,7
everyone has their price,重利之下必有勇夫,6
everything comes to those who wait,功到自然成,8
everything happens for a reason,事出必有因,9
everything is fair in love and war,兵不厌诈,6
everything old is new again,时来运转,3
evil be to him who evil thinks,害人终害己,8
experience is the best teacher,吃一堑长一智,9
fact is stranger than fiction,事实往往比小说更离奇,5
facts speak louder than words,事实胜于雄辩,10
failing to plan is planning to fail,不打无准备之仗,7
failure is the best teacher,失败是成功之母,10
failure to prepare is preparing to fail,不打无准备之仗,9
faint heart never won fair lady,胆小难成大事,7
fair exchange is no robbery,两厢情愿各不吃亏,6
faith can move mountains,精诚所至金石为开,8
faith will move mountains,精诚所至金石为开,8
fake it till you make it,熟能生巧,6
"fall seven times, stand up eight",百折不挠,9
false friends are worse than open enemies,明枪易躲暗箭难防,8
familiarity breeds contempt,距离产生美,7
fas est et ab hoste doceri,三人行必有我师,7
fight fire with fire,以毒攻毒,9
finders keepers,捡到就是赚到,6
"finders, keepers",捡到就是赚到,6
fine feathers make fine birds,人靠衣装马靠鞍,10
fine words butter no parsnips,空口无凭,6
first catch your hare,巧妇难为无米之炊,7
"first come, first served",先来后到,10
first impressions are the most lasting,先入为主,9
first things first,轻重缓急分明,7
fish always rots from the head downwards,上梁不正下梁歪,10
fish and company stink after three days,客走茶凉,6
fish and guests smell after three days,客走茶凉,6
flattery will get you nowhere,拍马屁没用,6
"fool me once, shame on you; fool me twice, shame on me",一朝被蛇咬十年怕井绳,8
fools rush in,愚者无惧,5
fools rush in where angels fear to tread,初生牛犊不怕虎,8
for want of a nail the shoe was lost; for want of a shoe the horse was lost; and for want of a horse the man was lost,千里之堤溃于蚁穴,10
forbidden fruit is the sweetest,越是得不到的越想要,8
forewarned is forearmed,有备无患,10
"forewarned, forearmed",有备无患,10
fortune favors the bold,富贵险中求,9
fortune favors the brave,富贵险中求,9
fortune favors the daring,富贵险中求,10
fortune favours the bold,富贵险中求,10
fortune favours the bold/brave,富贵险中求,10
fortune favours the brave,富贵险中求,10
fortune favours the daring,富贵险中求,10
freedom ain't free,自由不是免费的午餐,8
freedom is not free,自由不是免费的午餐,8
freedom isn't free,自由不是免费的午餐,8
freedom's not free,自由不是免费的午餐,8
from the sublime to the ridiculous,美中不足,5
"garbage in, garbage out",输入垃圾，输出垃圾,7
genius is an infinite capacity for taking pains,天才出于勤奋,7
"genius is one percent inspiration, ninety-nine percent perspiration",天才是百分之一的灵感加百分之九十九的汗水,10
give a dog a bad name and hang him,欲加之罪，何患无辞,8
give a man a fish and you feed him for a day. teach a man to fish and you feed him for a lifetime,授人以鱼不如授人以渔,10
give a man a fish and you feed him for a day; teach a man to fish and you feed him for a lifetime,授人以鱼不如授人以渔,10
give a man rope enough and he will hang himself,自作自受,6
give credit where credit is due,功劳归于有功之人,6
give him an inch and he will take a mile,得寸进尺,10
give someone an inch and someone will take a mile,得寸进尺,10
give someone enough rope and they'll hang themself,自作自受,6
give the devil his/her due,是非分明,6
give them an inch and they'll take a mile,得寸进尺,10
give them an inch and they'll take an ell,得寸进尺,10
go hard or go home,要么不做要做就做好,6
god doesn't give with both hands,鱼与熊掌不可兼得,9
god helps them that help themselves,自助者天助之,10
god helps them who help themselves,自助者天助之,10
god helps those who help themselves,自助者天助之,10
god is in the detail,细节决定成败,9
god works in mysterious ways,天意难测,8
gods may do what cattle may not,君子可为而小人不可为,5
gold is where you find it,踏破铁鞋无觅处，得来全不费工夫,6
"good artists copy, great artists steal",青出于蓝而胜于蓝,5
good fences make good neighbors,亲兄弟明算账,8
good fences make good neighbours,亲兄弟明算账,9
good things come in small packages,浓缩的都是精华,9
good things come to those who wait,好事多磨,9
good wine needs no bush,酒香不怕巷子深,10
"good work ain't cheap, cheap work ain't good",一分钱一分货,10
"grasp all, lose all",贪多嚼不烂,9
great haste makes great waste,欲速则不达,10
great minds think alike,英雄所见略同,10
great oaks from little acorns grow,合抱之木，生于毫末,10
"hair today, gone tomorrow",来也匆匆，去也匆匆,5
half a loaf is better than no bread,聊胜于无,9
half a loaf is better than no loaf,聊胜于无,9
half a loaf is better than none,聊胜于无,9
handsome is as handsome does,人美不如心美,7
handsome is that handsome does,人美不如心美,7
"happy wife, happy life",家和万事兴,7
hard work never did anyone any harm,吃得苦中苦，方为人上人,8
haste makes waste,欲速则不达,10
haters gonna hate,走自己的路，让别人说去吧,6
he laughs best that laughs last,笑到最后的人笑得最甜,8
"he that goes a-borrowing, goes a-sorrowing",欠债还钱，天经地义,6
"he that mischief hatches, mischief catches",害人终害己,10
he who digs a pit for others falls in himself,搬起石头砸自己的脚,10
"he who fails to prepare, prepares to fail",不打无准备之仗,8
he who hesitates is lost,当机立断,7
he who knows does not speak. he who speaks does not know,知者不言，言者不知,10
he who laughs last laughs best,笑到最后的人笑得最甜,9
he who laughs last laughs hardest,笑到最后的人笑得最甜,8
he who laughs last laughs longest,笑到最后的人笑得最甜,8
"he who lives by the sword, dies by the sword",玩火者必自焚,9
he who loves the world as his body may be entrusted with the empire,爱人者人恒爱之,5
he who pays the piper calls the tune,拿人手短吃人嘴软,6
he who said the rhyme did the crime,此地无银三百两,7
he who smelt it dealt it,此地无银三百两,6
he who sups with the devil should have a long spoon,与虎谋皮,7
health is wealth,身体是革命的本钱,9
health is your first wealth,健康是最大的财富,9
heaven helps those that help themselves,天助自助者,10
heaven helps those who help themselves,天助自助者,10
hell has no fury like a woman scorned,最毒妇人心,7
hell hath no fury like a woman scorned,最毒妇人心,7
"hell hath no fury like a woman scorned; heav'n has no rage, like love to hatred turn'd, nor hell a fury, like a woman scorn'd",最毒妇人心,6
"hell is full of good meanings, but heaven is full of good works",空谈误国实干兴邦,7
"hic rhodus, hic salta",是骡子是马拉出来遛遛,7
hindsight is 20/20,事后诸葛亮,9
hindsight is always twenty-twenty,事后诸葛亮,9
history is written by the victors,成者为王败者为寇,9
history repeats itself,历史总是惊人地相似,8
home is where the heart is,金窝银窝不如自家草窝,8
home is where you hang your hat,四海为家,7
honesty is the best policy,诚实为上,8
honey catches more flies than vinegar,良言一句三冬暖,7
"hope for the best, and prepare for the worst",居安思危,8
"hope for the best, prepare for the worst",居安思危,8
hope springs eternal,留得青山在不愁没柴烧,7
hope springs eternal in the human breast,留得青山在不愁没柴烧,7
horses for courses,对症下药,8
"horses, not zebras",就事论事,4
how long is a piece of string,这可说不准,3
how you get them is how you lose them,来得快去得也快,8
hunger is a good sauce,饥不择食,8
hunger is the best pickle,饥不择食,8
hunger is the best sauce,饥不择食,9
hunger is the best seasoning,饥不择食,9
hunger is the best spice,饥不择食,9
hunt where the ducks are,对症下药,6
hurt people hurt people,可怜之人必有可恨之处,6
i want doesn't get,会哭的孩子有奶吃,4
i'm going to have to give you the pink slip,炒鱿鱼,9
idle hands are the devil's playthings,游手好闲，惹是生非,7
idle hands are the devil's tools,游手好闲，惹是生非,8
idle hands are the devil's workshop,游手好闲，惹是生非,8
idle hands make work for the devil,游手好闲，惹是生非,8
"if a job is worth doing, it is worth doing well",干一行爱一行,7
"if all you have is a hammer, everything looks like a nail",一招鲜吃遍天,6
"if all you've got is a hammer, everything looks like a nail",一招鲜吃遍天,6
"if anything can go wrong, it will",屋漏偏逢连夜雨,7
"if at first you do not succeed, try, try again",失败是成功之母,9
if at first you don't succeed,失败是成功之母,8
"if at first you don't succeed, try try again",失败是成功之母,9
"if god had meant us to fly, he would have given us wings",人各有命,5
"if ifs and ands were pots and pans, there would be no work for tinkers",世上没有后悔药,7
"if ifs and buts were candies and nuts, we'd all have a merry christmas",世上没有后悔药,7
"if ifs and buts were candy and nuts, we'd all have a merry christmas",世上没有后悔药,7
"if it ain't broke, don't fix it",好端端的别瞎折腾,6
"if it ain't busted, don't fix it",好端端的别瞎折腾,6
"if it looks like a duck, swims like a duck, and quacks like a duck, then it probably is a duck",事实胜于雄辩,7
"if it looks like a duck, swims like a duck, and quacks like a duck, then it's probably a duck",事实胜于雄辩,7
"if it were a snake, it would have bit you",灯下黑,6
if it were not for hope the heart would break,留得青山在，不怕没柴烧,8
if pigs had wings they would fly,天方夜谭,6
"if the mountain will not come to mohammed, then mohammed must go to the mountain",山不转水转,9
if the mountain won't come to mohammed,山不转水转,8
if the mountain won't come to muhammad,山不转水转,8
"if the mountain won't come to muhammad, then muhammad must go to the mountain",山不转水转,9
"if the shoe fits, wear it",对号入座,10
"if we had ham we could have ham and eggs, if we had eggs",假如这假如那，不如脚踏实地,4
"if we had some ham we could have some ham and eggs, if we had some eggs",假如这假如那，不如脚踏实地,4
"if wealth is lost, nothing is lost. if health is lost, something is lost. if character is lost, everything is lost",失之东隅，收之桑榆,3
"if wishes were horses, beggars might ride",光说不练假把式,7
"if wishes were horses, beggars would ride",光说不练假把式,7
"if you aim at nothing, you'll hit it every time",无的放矢,7
"if you believe everything you read, better not to read",尽信书不如无书,10
"if you build it, they will come",酒香不怕巷子深,8
"if you can't be good, be careful",不怕一万就怕万一,6
"if you can't beat them, join them",识时务者为俊杰,8
"if you can't do the time, don't do the crime",不做亏心事不怕鬼敲门,6
"if you can't lick them, join them",识时务者为俊杰,8
"if you can't stand the heat, get out of the kitchen",干得多错得多,4
"if you find yourself in a hole, the first thing to do is stop digging",悬崖勒马,7
"if you fly with the crows, you get shot with the crows",近朱者赤近墨者黑,8
"if you give a mouse a cookie, he'll always ask for a glass of milk",得寸进尺,9
"if you lie down with dogs, you get up with fleas",近朱者赤近墨者黑,8
"if you lie down with dogs, you will get up with fleas",近朱者赤近墨者黑,8
if you lie with dogs you will get fleas,近朱者赤近墨者黑,8
"if you mess with the bull, you get the horns",玩火者必自焚,7
"if you must dance with the devil, you might as well know his favorite song",知己知彼百战不殆,7
"if you pay bananas, you get monkeys",一分钱一分货,9
"if you pay peanuts, you get monkeys",一分钱一分货,9
"if you play with fire, you will get burned",玩火者必自焚,10
"if you think that you know everything, then you're a jack ass",自以为是,7
"if you want a thing done well, do it yourself",求人不如求己,10
"if you want peace, prepare for war",备战方能止战,6
"if you're growing in age, then you're nearing to the graveyard",人终有一死,7
"if you've got it, flaunt it",有啥说啥,3
ignorance is bliss,眼不见心不烦,8
ill doers are ill deemers,以小人之心度君子之腹,9
ill news spreads apace,好事不出门坏事传千里,10
ill-gotten gains never prosper,君子爱财取之有道,7
imitation is the sincerest form of flattery,真金不怕火炼,2
"in for a dime, in for a dollar",一不做二不休,7
"in for a penny, in for a pound",一不做二不休,9
"in for an inch, in for a mile",一不做二不休,8
"in the country of the blind, the one-eyed man is king",山中无老虎，猴子称大王,10
"in the kingdom of the blind, the one eyed man is king",山中无老虎，猴子称大王,10
"in the land of the blind, the one-eyed man is king",山中无老虎，猴子称大王,10
"in the midst of life, we are in death",生死有命,6
"in the valley of the blind, the one-eyed man is king",山中无老虎，猴子称大王,10
"in unity, there is strength",人心齐，泰山移,10
in vino veritas,酒后吐真言,10
"in wine, there is truth",酒后吐真言,10
into every life a little rain must fall,人生不如意事十之八九,8
"islands depend on reeds, just as reeds depend on islands",唇亡齿寒,6
it ain't over 'til the fat lady sings,鹿死谁手，尚未可知,7
it ain't over till it's over,胜负未分，谈何言败,7
it ain't over till the fat lady sings,鹿死谁手，尚未可知,7
it ain't over till/until it's over,胜负未分，谈何言败,7
it ain't over until the fat lady sings,鹿死谁手，尚未可知,7
it ain't the whistle that pulls the train,火车跑得快，全靠车头带,6
it ain't what you don't know that gets you into trouble. it's what you know for sure that just ain't so,自以为是误大事,6
it goes without saying,不言而喻,10
it is a small world,冤家路窄,6
it is all grist to the mill,来者不拒,6
it is always darkest before the dawn,否极泰来,9
it is always darkest just before the dawn,否极泰来,9
it is an ill wind,祸不单行,5
it is best to be on the safe side,小心驶得万年船,10
it is better to be smarter than you appear than to appear smarter than you are,大智若愚,7
it is better to give than to receive,施比受更有福,8
it is better to have loved and lost than never to have loved at all,曾经沧海难为水,5
it is better to light a candle than curse the darkness,与其诅咒黑暗，不如点亮蜡烛,9
it is darkest before the dawn,否极泰来,9
it is darkest just before the dawn,否极泰来,9
it is easier for a camel to go through the eye of a needle than for a rich man to enter into the kingdom of god,骆驼穿针眼，比登天还难,7
it is easy to be wise after the event,事后诸葛亮,10
it is easy to find a stick to beat a dog,欲加之罪，何患无辞,8
it is never too late,亡羊补牢，犹未为晚,9
it is no use crying over spilt milk,覆水难收,10
it is no use locking the stable door after the horse has bolted,亡羊补牢,9
"it is not enough to learn how to ride, you must also learn how to fall",失败是成功之母,6
it is not the whistle that pulls the train,光说不练假把式,6
it is the early bird that gets the worm,早起的鸟儿有虫吃,10
it is the empty can that makes the most noise,满瓶不响，半瓶晃荡,10
it is the last straw that breaks the camel's back,压死骆驼的最后一根稻草,10
it is the squeaky wheel that gets the grease,会哭的孩子有奶吃,10
it is what it is,船到桥头自然直,6
it isn't over 'til the fat lady sings,不到最后一刻不要放弃,7
it isn't over till the fat lady sings,不到最后一刻不要放弃,7
it isn't over until the fat lady sings,不到最后一刻不要放弃,7
it isn't the whistle that pulls the train,光说不练假把式,6
it needs a hundred lies to cover a single lie,一谎遮百丑,7
it never rains but it pours,祸不单行,10
it never rains but that it pours,祸不单行,10
it pays to advertise,酒香也怕巷子深,9
it takes a heap o' livin' to make a house a home,家和万事兴,6
it takes a heap of living to make a house a home,家和万事兴,6
it takes a lot of living to make a house a home,家和万事兴,6
it takes a thief to catch a thief,以贼捉贼,9
it takes a village,众人拾柴火焰高,7
it takes a village to raise a child,养儿一百岁，长忧九十九,5
it takes a whole village to raise a child,再穷不能穷教育,4
it takes all kinds,林子大了什么鸟都有,9
it takes all kinds to make a world,林子大了什么鸟都有,9
it takes all sorts,林子大了什么鸟都有,9
it takes all sorts to make a world,林子大了什么鸟都有,9
it takes one to know one,惺惺相惜,7
it takes two to make a quarrel,一个巴掌拍不响,10
it takes two to quarrel,一个巴掌拍不响,10
it takes two to tango,一个巴掌拍不响,10
it will be the same a hundred years hence,百年之后都是一场空,8
it will come back and haunt you,出来混迟早要还的,8
it's a long road that has no turning,否极泰来,7
it's a man's world,男尊女卑,6
"it's a tough job, but someone's got to do it",总得有人去做,7
it's all fun and games until someone loses an eye,玩笑开大就不好笑了,6
it's an ill bird that fouls its own nest,哪有在自己锅里拉屎的,7
it's an ill wind that blows no good,塞翁失马焉知非福,9
it's an ill wind that blows no one any good,塞翁失马焉知非福,9
it's an ill wind that blows nobody any good,塞翁失马焉知非福,9
it's an ill wind that blows nobody good,塞翁失马焉知非福,9
it's better to ask forgiveness than permission,先斩后奏,8
it's easier to ask forgiveness than to get permission,先斩后奏,8
it's greek to me,天书一般,8
it's lonely at the top,高处不胜寒,10
it's never too late to mend,亡羊补牢为时未晚,9
it's not over 'til the fat lady sings,不到最后一刻不能下结论,7
it's not over till the fat lady sings,不到最后一刻不能下结论,7
it's not over until the fat lady sings,不到最后一刻不能下结论,7
it's not the whistle that pulls the train,光说不练假把式,6
it's not what you know but who you know,在家靠父母出门靠朋友,7
it's not what you know but whom you know,在家靠父母出门靠朋友,7
it's not what you say but how you say it,良言一句三冬暖恶语伤人六月寒,8
it's the hit dog that howls,此地无银三百两,7
it's the little things,细节决定成败,8
it's the thought that counts,礼轻情意重,10
"jack of all trades, master of none/one/some",样样通样样松,9
joan's as good as my lady in the dark,灯下不认人,6
"judge not, lest ye be judged",以什么量人人亦以什么量你,5
"judge not, that ye be not judged",己所不欲勿施于人,7
"judge not, that you be not judged",己所不欲勿施于人,7
justice delayed is justice denied,迟来的正义非正义,6
justice is blind,法律面前人人平等,7
karma is a bitch,不是不报时候未到,9
karma's a bitch,不是不报时候未到,9
keep your chin up,抬起头来别气馁,6
keep your friends close and your enemies closer,知己知彼百战不殆,7
"keep your friends close, and your enemies closer",知己知彼百战不殆,7
keep your powder dry,养兵千日用兵一时,6
kids will be kids,孩子嘛就那样,6
kill the chicken to scare the monkey,杀鸡儆猴,10
kill the goose that lays the golden egg,杀鸡取卵,9
kill two birds with one stone,一石二鸟,10
kissing goes by favor,萝卜青菜，各有所爱,7
knock on (or touch) wood,说者无心，听者有意,2
know thyself,知己知彼，百战不殆,6
know which side (one's) bread is buttered,识时务者为俊杰,6
knowledge is power,知识就是力量,10
laugh and grow fat,笑一笑，十年少,8
"laugh and the world laughs with you, weep and you weep alone",人前显贵人后受罪,4
"laugh before breakfast, cry before supper",乐极生悲,8
laughter is the best medicine,笑一笑，十年少,9
"least said, soonest mended",多说无益,6
leave with the one that brought ya,饮水思源,6
leave with the one that brung ya,饮水思源,6
leave with the one that brung you,饮水思源,6
leave with the one what brought ya,饮水思源,6
leave with the one what brought you,饮水思源,6
leave with the one what brung ya,饮水思源,6
leave with the one what brung you,饮水思源,6
leave with the one who brought ya,饮水思源,6
leave with the one who brought you,饮水思源,6
leave with the one who brung ya,饮水思源,6
leave with the one who brung you,饮水思源,6
less is more,少即是多,8
let a thousand flowers bloom,百花齐放,10
let bygones be bygones,既往不咎,10
let sleeping dogs lie,别惹是非,7
let the buyer beware,买卖不成仁义在,3
let the cat out of the bag,泄露天机,7
let the cobbler stick to his last,术业有专攻,10
let the dead bury the dead,逝者已矣，生者如斯,6
let the punishment fit the crime,罪刑相当,9
let well alone,好事不必多磨,7
let your hair down,放松身心,6
life begins at forty,四十不惑,8
life is like a box of chocolates,人生充满未知,4
life is not all beer and skittles,人生不如意事十之八九,8
life is too short not to do something that matters,人生苦短，当及时行乐,5
life is what you make it,人生由己不由天,7
life's a bitch and then you die,人生不如意事十之八九,6
"life's a bitch, and then you die",人生不如意事十之八九,6
lightning does not strike twice in the same place,福无双至，祸不单行,4
lightning doesn't strike twice in the same place,福无双至，祸不单行,4
lightning never strikes the same place twice,福无双至，祸不单行,4
lightning never strikes twice,福无双至，祸不单行,4
lightning never strikes twice in the same place,福无双至，祸不单行,4
like father like son,有其父必有其子,10
"like father, like son",有其父必有其子,10
"like mother, like daughter",有其母必有其女,9
little pitchers have big ears,隔墙有耳,6
little pitchers have long ears,隔墙有耳,6
little strokes fell great oaks,滴水穿石,10
little things please little minds,井底之蛙，所见不广,5
live and let live,各安其分，互不相扰,6
"live by the sword, die by the sword",玩火者必自焚,9
live each day as if it were your last and one day you will surely be right,今朝有酒今朝醉,6
"live fast, die young",好花不常开，好景不常在,5
"live for today, for tomorrow never comes",今朝有酒今朝醉,8
"live not to eat, but eat to live",人为生而食，非为食而生,7
live to fight another day,留得青山在，不怕没柴烧,10
"location, location, location",地利不如人和,3
"long absent, soon forgotten",人走茶凉,9
look before you leap,三思而后行,10
lookers-on see most of the game,当局者迷，旁观者清,10
looks can be deceiving,人不可貌相，海水不可斗量,10
loose lips sink ships,祸从口出,10
might makes right,强权即公理,9
mighty oaks from little acorns grow,合抱之木生于毫末,10
misery enjoys company,同病相怜,9
misery loves company,同病相怜,10
misfortunes never come alone,祸不单行,10
misfortunes never come singly,祸不单行,10
moderation in all things,凡事适可而止,9
money can't buy happiness,金钱买不来幸福,9
money cannot buy happiness,金钱买不来幸福,9
"money demands care, you abuse it and it disappears",你不理财财不理你,8
money does not grow on trees,钱来之不易,8
money does not smell,钱无臭,7
money does not stink,钱无臭,7
money doesn't grow on trees,钱来之不易,8
"money earned by deceit, goes by deceit",不义之财难久留,10
money has no smell,钱无臭,7
money is not everything,金钱不是万能的,10
money is the root of all evil,人为财死鸟为食亡,8
"money makes many things, but also makes devil dance",有钱能使鬼推磨,10
money makes the world go around,有钱能使鬼推磨,9
money talks,有钱好办事,9
money talks and bullshit walks,有钱好说话,8
"money talks, bullshit walks",有钱好说话,8
"more haste, less speed",欲速则不达,10
"move your feet, lose your seat",一步错步步错,4
mud sticks,谣言一旦传开便难以澄清,4
murder will out,纸包不住火,9
music has charms to soothe the savage beast,音乐可以陶冶性情,4
my enemy's enemy is my friend,敌人的敌人就是朋友,9
ne'er cast a clout till may be out,春捂秋冻,7
nearly never won the race,差之毫厘失之千里,7
necessity is the mother of innovation,穷则思变,9
necessity is the mother of invention,穷则思变,9
necessity knows no law,饥不择食,7
needs must,事到临头只得如此,5
needs must when the devil drives,逼上梁山,8
neither a borrower nor a lender be,亲兄弟明算账,6
never ask the barber if you need a haircut,不问卖瓜的瓜甜不甜,7
never cast a clout until may be out,春捂秋冻,7
never change a running system,好端端的别乱动,4
never give a sucker an even break,宰相肚里能撑船,2
never judge a book by its cover,人不可貌相，海水不可斗量,10
never let the sun go down on your anger,床头吵架床尾和,6
never let the truth get in the way of a good story,道听途说添油加醋,6
never look a gift horse in the mouth,拿人手短，吃人嘴软,6
never meet your heroes,距离产生美,7
never put off until tomorrow what you can do today,今日事，今日毕,10
"never reveal a man's wage, and woman's age",财不外露,4
never say die,不到黄河心不死,9
never say never,世事无绝对,8
never speak ill of the dead,好人不长命，祸害遗千年,2
never tell tales out of school,家丑不可外扬,9
never too old to learn,活到老，学到老,10
never waste a crisis,化危为机,8
new brooms sweep clean,新官上任三把火,10
nice guys finish last,老实人吃亏,8
"no bucks, no buck rogers",巧妇难为无米之炊,8
no gain without pain,吃得苦中苦，方为人上人,10
no good deed ever goes unpunished,好心没好报,10
no good deed goes unpunished,好心没好报,10
"no guts, no glory",不入虎穴，焉得虎子,10
no man can serve two masters,一心不可二用,7
no man is an island,在家靠父母，出门靠朋友,7
"no matter how much milk you put in coffee, it's still coffee",江山易改，本性难移,9
"no matter how much milk you put in tea, it's still tea",江山易改，本性难移,9
"no matter how thin you slice it, it's still baloney",本性难移,7
"no matter how thin you slice it, it's still boloney",本性难移,7
"no matter how you slice it, it's still the same old baloney",本性难移,7
"no mill, no meal",巧妇难为无米之炊,9
no news is good news,无事便是福,10
no one can make you feel inferior without your consent,自卑不如自信,6
no one is born a master,世上无难事，只怕有心人,7
no one should be judge in his own case,当局者迷，旁观者清,7
no one should be judge in his own cause,当局者迷，旁观者清,7
"no pain, no gain",一分耕耘，一分收获,10
no peace for the weary,人不得安生,6
no rest for the weary,人不得安生,6
no rest for the wicked,恶有恶报,6
no rose without a thorn,有利必有弊,7
no sleep for the wicked,恶有恶报,6
no smoke without fire,无风不起浪,10
no time like the present,机不可失，时不再来,10
not all heroes wear capes,平凡之中见伟大,7
not all those who wander are lost,行万里路，读万卷书,5
nothing gold can stay,好景不常,9
nothing is certain but death and taxes,生死有命，富贵在天,5
nothing is said that has not been said before,太阳底下没有新鲜事,9
nothing new under the sun,太阳底下没有新鲜事,10
nothing succeeds like success,胜不骄，败不馁,4
"nothing ventured, nothing gained",不入虎穴，焉得虎子,10
oil and water do not mix,水火不容,10
oil and water don't mix,水火不容,10
old habits die hard,江山易改，本性难移,10
old sins cast long shadows,一失足成千古恨,9
one man's terrorist is another man's freedom fighter,公说公有理婆说婆有理,7
one man's trash is another man's treasure,甲之蜜糖乙之砒霜,10
one may as well hang for a sheep as a lamb,一不做二不休,9
one might as well be hanged for a sheep as a lamb,一不做二不休,9
one might as well throw water into the sea as to do a kindness to rogues,对牛弹琴,6
one nail drives out another,新欢忘旧爱,6
"one night with venus, a lifetime with mercury",贪一时之欢，受一世之苦,5
one swallow does not a spring make,一花独放不是春,10
one swallow does not a summer make,一花独放不是春,10
one swallow does not make a spring,一花独放不是春,10
one swallow does not make a summer,一花独放不是春,10
one swallow doesn't a spring make,一花独放不是春,10
one swallow doesn't a summer make,一花独放不是春,10
one swallow doesn't make a spring,一花独放不是春,10
one swallow doesn't make a summer,一花独放不是春,10
"one who believes in sword, dies by the sword",玩火者必自焚,8
one who hesitates is lost,当机立断,7
"one who speaks only one language is one person, but one who speaks two languages is two people",多一门语言多一条路,8
one woman's trash is another woman's treasure,甲之蜜糖乙之砒霜,10
one year's seeding makes seven years weeding,一失足成千古恨,6
one's time is one's own,时间由我不由天,4
only dead fish go with the flow,人往高处走水往低处流,6
only nixon can go to china,只有 Nixon 才能去中国,8
only nixon could go to china,只有 Nixon 才能去中国,8
only time will tell,时间会证明一切,10
open confession is good for the soul,坦白从宽,7
opinions are like assholes,人言人殊,5
opportunity does not knock until you build a door,机会是留给有准备的人,9
opportunity knocks at every man's door,人人都有出头天,6
opportunity makes a thief,苍蝇不叮无缝的蛋,6
opportunity makes the thief,苍蝇不叮无缝的蛋,6
opportunity never knocks twice at any man's door,机不可失时不再来,10
opportunity seldom knocks twice,机不可失时不再来,10
opposites attract,异性相吸,9
"other days, other ways",时过境迁,8
other times other manners,今非昔比,8
"right or wrong, my country",我爱我的祖国，爱她的山河，也爱她的疮痍,5
risk it for a biscuit,不入虎穴，焉得虎子,9
rome was not built in a day,罗马不是一天建成的,10
rome was not built in one day,罗马不是一天建成的,10
rome wasn't built in a day,罗马不是一天建成的,10
rome wasn't burned in a day,冰冻三尺，非一日之寒,8
"rubbish in, rubbish out",种瓜得瓜，种豆得豆,8
rules are made to be broken,有法不依，违法不究,4
rules are meant to be broken,上有政策，下有对策,6
rules are rules,国有国法，家有家规,9
rules are there to be broken,上有政策，下有对策,6
rules is rules,规矩就是规矩,5
rules were made to be broken,上有政策，下有对策,6
"same shit, different toilet",换汤不换药,10
sauce for the goose,一碗水端平,7
scientia potentia est,知识就是力量,10
"see a pin and pick it up, all the day you will have good luck; see a pin and let it lay, bad luck you will have all day",见财起意，必招祸端,2
see naples and die,不到长城非好汉,4
"see no evil, hear no evil, speak no evil",非礼勿视，非礼勿听，非礼勿言，非礼勿动,10
seeing is believing,眼见为实,10
seek and ye shall find,有志者事竟成,8
self-praise is no recommendation,王婆卖瓜，自卖自夸,10
set a beggar on horseback and he'll ride to the devil,暴发户最会摆阔,3
set a thief to catch a thief,以贼捉贼,9
sex sells,情色最能招徕生意,3
shallow brooks are noisy,满瓶不响，半瓶晃荡,9
shared joy is double joy,独乐乐不如众乐乐,10
shared sorrow is half sorrow,同病相怜,6
shiny are the distant hills,这山望着那山高,10
shirtsleeves to shirtsleeves in three generations,富不过三代,10
shit rolls downhill,上梁不正下梁歪,6
"shoemaker, stick to your last",术业有专攻,9
short accounts make long friends,亲兄弟明算账,8
short reckonings make long friends,亲兄弟明算账,9
shrouds have no pockets,生不带来，死不带去,10
shy bairns get noot,不入虎穴焉得虎子,7
shy bairns get nowt,不入虎穴焉得虎子,8
silence is consent,沉默即默许,9
silence is golden,沉默是金,10
sit crooked and talk straight,坐歪理不歪,8
slow and steady wins the race,稳扎稳打，必有胜算,7
slow but sure,慢工出细活,9
slow but sure wins the race,慢工出细活,7
"slow is smooth, smooth is fast",欲速则不达,7
snake in the grass,笑里藏刀,8
"softly, softly, catchee monkey",欲速则不达,6
some are more equal than others,只许州官放火，不许百姓点灯,8
some days you eat the bear and some days the bear eats you,风水轮流转,7
"some days you get the bear, other days the bear gets you",风水轮流转,7
something is better than nothing,聊胜于无,10
sometimes you eat the bear and sometimes the bear eats you,风水轮流转,7
sow the wind and reap the whirlwind,种瓜得瓜，种豆得豆,8
"sow the wind, reap the whirlwind",种瓜得瓜，种豆得豆,8
spare the rod and spoil the child,玉不琢不成器,7
spare the rod and you will spoil the child,玉不琢不成器,7
"spare the rod, spoil the child",玉不琢不成器,7
speak as you find,实话实说,8
speak of the devil and he appears,说曹操曹操到,10
speak of the devil and he shall/is sure/will appear,说曹操曹操到,10
speak softly and carry a big stick,大智若愚，大巧若拙,5
speech is silver but) silence is golden,沉默是金,10
"speech is silver, but silence is golden",沉默是金,10
"speech is silver, silence is gold",沉默是金,10
"speech is silver, silence is golden",沉默是金,10
squeaky wheels get oiled,会哭的孩子有奶吃,10
start from where you are,从实际出发,8
sticks in a bundle are unbreakable,团结就是力量,9
sticks in a bundle can't be broken,团结就是力量,9
sticks in a bundle cannot be broken,团结就是力量,9
still water runs deep,大智若愚,8
still waters run deep,大智若愚,8
strike while the iron is hot,趁热打铁,10
stupid is as stupid does,蠢人自有蠢人福,6
"success depends on your backbone, not your wishbone",求人不如求己,7
"success has many fathers, failure is an orphan",成功者众望所归，失败者众叛亲离,7
"success has many fathers, while failure is an orphan",成功者众望所归，失败者众叛亲离,7
sufficient unto the day is the evil thereof,船到桥头自然直,6
sunlight is the best disinfectant,阳光是最好的防腐剂,8
take care of the pence and the pounds will take care of themselves,积少成多,9
take care of the pennies and the pounds will take care of themselves,积少成多,9
"take care of the pennies, and the pounds will take care of themselves",积少成多,9
take the cash and let the credit go,到手的才算数,6
takes one to know one,彼此彼此,7
talk is cheap,说起来容易做起来难,8
"talk of the devil, and he is bound to appear",说曹操曹操到,10
talk softly and carry a big stick,大智若愚，大巧若拙,6
tall oaks from little acorns grow,合抱之木，生于毫末,10
teamwork makes the dream work,众人拾柴火焰高,10
tell its own story,不言自明,9
"tell me who your friends are, and i'll tell you who you are",近朱者赤，近墨者黑,10
tell the truth and shame the devil,坦白从宽,6
tempus fugit,光阴似箭,10
that which doesn't kill you makes you stronger,吃一堑长一智,8
that's how the cookie crumbles,世事难料,6
that's the way it goes,事情就是这样,5
that's the way life is,人生就是这样,5
that's the way the ball bounces,世事难料,6
that's the way the cookie crumbles,世事难料,6
that's the way the mop flops,世事难料,5
the age of miracles is past,奇迹不再,3
the apple does not fall far from the stem,有其父必有其子,9
the apple does not fall far from the tree,有其父必有其子,10
the apple does not fall far from the trunk,有其父必有其子,9
the apple does not fall/never falls far from the tree,有其父必有其子,10
the apple doesn't fall far from the tree,有其父必有其子,10
the apple never falls far from the tree,有其父必有其子,10
the apples on the other side of the wall are the sweetest,这山望着那山高,10
the bad penny always comes back,冤家路窄,8
the bad penny always turns up,冤家路窄,8
the best condiments are authentic flavors,清淡见真味,6
the best defence is attack,攻为守之本,8
the best defense is a good offense,攻为守之本,8
the best is the enemy of the good,完美是好事之敌,5
the best laid plans of mice and men go oft astray,人算不如天算,10
the best laid plans of mice and men often go awry,人算不如天算,10
the best things in life are free,世上最珍贵的东西往往是无价的,6
the best things in life aren't things,世上最珍贵的不是身外之物,6
the best-laid schemes of mice and men often go awry,人算不如天算,10
the better is the enemy of the good,完美是好事之敌,5
"the bigger they are, the harder they fall",树大招风,6
"the bigger they come, the harder they fall",树大招风,6
the boy is father to the man,三岁看大，七岁看老,9
the bread never falls but on its buttered side,屋漏偏逢连夜雨,8
the burnt child dreads the fire,一朝被蛇咬，十年怕井绳,10
the burnt child fears the fire,一朝被蛇咬，十年怕井绳,10
the candle that burns twice as bright burns half as long,蜡烛烧得越旺，越快燃尽,5
the captain goes down with the ship,船破先沉舵手,4
the cat would eat fish but would not wet her feet,不入虎穴，焉得虎子,7
the chickens come home to roost,种瓜得瓜，种豆得豆,9
the child is the father of the man,三岁看大，七岁看老,9
the cobbler always wears the worst shoes,鞋匠自己穿破鞋,4
the cobbler's children are the worst shod,鞋匠自己穿破鞋,4
the cobbler's children go barefoot,鞋匠自己穿破鞋,4
the course of true love never did run smooth,有情人多磨难,7
the cow knows not the worth of its tail till it loses it,失去了才知道珍惜,6
the cowl does not make the monk,人不可貌相，海水不可斗量,10
the customer is always right,顾客就是上帝,10
the darkest hour is always just before the dawn,黎明前的黑暗最深,9
the darkest hour is just before the dawn,黎明前的黑暗最深,9
the darkest place is under the candlestick,灯下黑,10
the devil finds work for idle hands,游手好闲，惹是生非,7
the devil finds work for idle hands to do,游手好闲，惹是生非,7
the devil is in the detail,细节决定成败,9
the devil is in the details,细节决定成败,9
the devil makes work for idle hands,游手好闲，惹是生非,7
the devil that you know is better than the devil that you don't know,明枪易躲，暗箭难防,6
the devil we know is better than the devil we don't,明枪易躲，暗箭难防,6
the devil we know is better than the devil we don't know,明枪易躲，暗箭难防,6
the devil you know is better than the devil you don't,明枪易躲，暗箭难防,6
the devil you know is better than the devil you don't know,明枪易躲，暗箭难防,6
the die is cast,木已成舟,8
"the dogs bark, but the caravan goes on",任凭风浪起，稳坐钓鱼船,7
"the dogs bark, but the caravan moves on",任凭风浪起，稳坐钓鱼船,7
the dose makes the poison,过犹不及,8
the early bird catches the worm,早起的鸟儿有虫吃,10
the early bird gets the worm,早起的鸟儿有虫吃,10
the end justifies the means,成王败寇,7
the ends justify the means,成王败寇,7
the enemy of my enemy is my friend,敌人的敌人就是朋友,10
the eyes are the window to the soul,相由心生,6
the female of the species is more deadly than the male,巾帼不让须眉,6
the fewer the better fare,人少好办事,6
the first step is always the hardest,万事开头难,10
the fish rots from the head,上梁不正下梁歪,10
the forbidden fruit tastes the sweetest,越是得不到的越想要,7
the fox may grow grey but never good,江山易改，本性难移,10
the game is not worth the candle,得不偿失,10
the good die young,好人不长命,8
the grass is always greener,这山望着那山高,10
the grass is always greener (on the other side,这山望着那山高,10
the grass is always greener on the other side,这山望着那山高,10
the grass is always greener on the other side of the fence,这山望着那山高,10
the grass is always greener on the other side of the road,这山望着那山高,9
the hand that rocks the cradle is the hand that rules the world,妇女能顶半边天,7
the hand that rocks the cradle rules the world,妇女能顶半边天,7
the heart wants what it wants,情不知所起，一往而深,8
the heart wants what the heart wants,情不知所起，一往而深,8
the highest branch is not the safest roost,树大招风,6
the hit dog hollers,谁鞋子紧谁知道,6
the house always wins,十赌九输,8
the husband is always the last to know,当局者迷,5
the innocent seldom find an uncomfortable pillow,不做亏心事，不怕鬼敲门,9
the internet never forgets,好事不出门，坏事传千里,6
the jug goes to the well until it breaks,常在河边走，哪有不湿鞋,9
the laborer is worthy of his hire,一分耕耘，一分收获,7
the labourer is worthy of his hire,一分耕耘，一分收获,7
the last drop makes the cup run over,压死骆驼的最后一根稻草,10
the law is a ass,有法不依，执法不严,5
the law is an arse,有法不依，执法不严,5
the law is an ass,有法不依，执法不严,5
the left hand doesn't know what the right hand is doing,各吹各的号，各唱各的调,8
the leopard does not change his spots,江山易改，本性难移,10
the light is on but nobody is home,脑子进水,6
the longest day must have an end,天无不散的筵席,8
the longest journey starts with a single step,千里之行，始于足下,10
the lord helps those that help themselves,自助者天助之,10
the lord helps those who help themselves,自助者天助之,10
the love of money is the root of all evil,人为财死，鸟为食亡,9
the map is not the territory,纸上得来终觉浅,6
the mill cannot grind with water that is past,覆水难收,7
the mills of the gods grind slowly,天网恢恢，疏而不漏,10
the moon is made of green cheese,天方夜谭,7
the more the merrier,人多热闹,8
"the more things change, the more they stay the same",换汤不换药,9
"the more you know, the higher you go",知识就是力量,7
the nail that sticks out gets hammered down,枪打出头鸟,10
the nail that sticks up gets hammered down,枪打出头鸟,10
the nut does not fall far from the tree,有其父必有其子,10
the only disability in life is a bad attitude,态度决定一切,7
the only way to find a friend is to be one,要想有朋友，先要做朋友,8
the pen is mightier than the sword,文胜于武,8
the perfect is the enemy of the good,过犹不及,7
the pitcher goes so often to the well that it is broken at last,常在河边走，哪有不湿鞋,8
the poor we will always have with us,穷人永远存在,3
the pot calling the kettle black,五十步笑百步,10
the proof is in the eating,是骡子是马拉出来溜溜,8
the proof is in the pudding,是骡子是马拉出来溜溜,8
the proof of the pudding is in the eating,是骡子是马拉出来溜溜,9
the rich get richer,强者愈强,7
the rich get richer and the poor get poorer,富者愈富，贫者愈贫,9
the road to hell is paved with good intentions,好心办坏事,9
the second mouse gets the cheese,枪打出头鸟,7
the shoemaker always wears the worst shoes,鞋匠自己穿破鞋,4
the shoemaker's children go barefoot,鞋匠自己穿破鞋,5
the shoemaker's son always goes barefoot,鞋匠自己穿破鞋,5
the sky is the limit,前途无量,7
the sky's the limit,前途无量,7
the spirit is strong but the flesh is weak,心有余而力不足,10
"the spirit is strong, but the flesh is weak",心有余而力不足,10
the spirit is willing but the flesh is weak,心有余而力不足,10
"the spirit is willing, but the flesh is weak",心有余而力不足,10
the squeaky wheel gets the grease,会哭的孩子有奶吃,10
the squeaky wheel gets the oil,会哭的孩子有奶吃,10
the streets are paved with gold,遍地是黄金,7
the strong do what they can and the weak suffer what they must,弱肉强食,9
"the strong do what they can, the weak suffer what they must",弱肉强食,9
the tongue wounds more than a lance,恶语伤人六月寒,10
the truth is effortless,真金不怕火炼,6
the truth is in the wine,酒后吐真言,10
the truth will set you free,实话实说心里坦,6
the victor gets the spoils,胜者为王败者为寇,9
"the voice of the people, the voice of god",得民心者得天下,7
the way to a man's heart is through his stomach,要抓住男人先抓住他的胃,10
the wheel turns,风水轮流转,9
the whistle does not pull the train,雷声大雨点小,6
the whistle doesn't pull the train,雷声大雨点小,6
the winner takes it all,赢者通吃,10
the wolf may lose his teeth but never his nature,江山易改，本性难移,10
the work praises the man,事实胜于雄辩,7
the world is someone's oyster,前程似锦,6
the) truth will out,纸包不住火,10
them that has gets,强者愈强弱者愈弱,7
"them that has, gets",强者愈强弱者愈弱,7
"them that has, gets more",强者愈强弱者愈弱,8
them what has gets,强者愈强弱者愈弱,7
"them what has, gets",强者愈强弱者愈弱,7
"them what has, gets more",强者愈强弱者愈弱,8
there ain't no such thing as a free lunch,天下没有免费的午餐,10
there are always more fish in the sea,天涯何处无芳草,10
there are bad apples in every orchard,林子大了什么鸟都有,8
there are many ways to skin a cat,条条大路通罗马,9
there are more ways of killing a cat than choking it with cream,条条大路通罗马,6
there are none so blind as those who will not see,不见棺材不落泪,8
there are none so deaf as those who will not hear,充耳不闻,9
there are plenty more fish in the sea,天涯何处无芳草,10
there are plenty more pebbles on the beach,天涯何处无芳草,8
there are plenty of fish in the sea,天涯何处无芳草,10
there are plenty of pebbles on the beach,天涯何处无芳草,8
there are two sides to every question,一体两面,7
there are two sides to every story,公说公有理婆说婆有理,9
there but for the grace of god go i,今日之事，未必不在我身,5
there is a lid for every pot,天生一对,6
there is a place and time for everything,凡事皆有定时,7
there is a time and a place for everything,凡事皆有定时,7
there is a time and place for everything,凡事都有个先来后到,7
there is an exception to every rule,事无绝对,10
there is honour among thieves,盗亦有道,10
there is many a good tune played on an old fiddle,姜还是老的辣,8
there is more than one way to skin a cat,条条大路通罗马,9
there is no accounting for tastes,萝卜青菜，各有所爱,10
there is no fool like an old fool,人老糊涂,6
there is no honor among thieves,狗咬狗，一嘴毛,7
there is no i in team,众人拾柴火焰高,8
there is no place like home,金窝银窝不如自家草窝,10
there is no shame in not knowing; the shame lies in not finding out,不耻下问,9
"there is no smoke without fire/where there is smoke, there is fire",无风不起浪,10
there is no such thing as a free lunch,天下没有免费的午餐,10
there is no time like the present,机不可失，时不再来,10
there is nothing new under the sun,日光之下并无新事,9
there is one born every minute,天下乌鸦一般黑,3
there is safety in numbers,人多力量大,8
there is strength in numbers,众人拾柴火焰高,10
there may be snow on the mountaintop but there's fire in the valley,人老心不老,7
there may be snow on the rooftop but there is fire in the furnace,人老心不老,7
there's a first time for everything,凡事总有第一次,8
there's a lid for every pot,天生我材必有用,4
there's a place and time for everything,凡事都有个先来后到,7
there's a rotten apple in every barrel,林子大了什么鸟都有,8
there's a sucker born every minute,世上不缺冤大头,5
there's a time and a place for everything,凡事都有个先来后到,7
there's a time and place for everything,凡事都有个先来后到,7
there's always a bigger fish,一山还有一山高,10
there's many a good tune played on an old fiddle,姜还是老的辣,8
there's many a slip 'twixt the cup and the lip,天有不测风云，人有旦夕祸福,8
there's many a slip between the cup and the lip,天有不测风云，人有旦夕祸福,8
there's many a slip twixt cup and lip,天有不测风云，人有旦夕祸福,8
there's many a slip twixt the cup and the lip,天有不测风云，人有旦夕祸福,8
there's more than one way to cook an egg,条条大路通罗马,9
there's more than one way to crack an egg,条条大路通罗马,9
there's more than one way to feed a cat,条条大路通罗马,8
there's more than one way to fuck a cat,条条大路通罗马,7
there's more than one way to peel an orange,条条大路通罗马,8
there's more than one way to skin a cat,条条大路通罗马,9
there's no accounting for taste,萝卜青菜，各有所爱,10
there's no fool like an old fool,人老心不老，糊涂更年少,4
there's no i in team,众人拾柴火焰高,8
there's no need to wear a hair shirt,何必自寻烦恼,8
there's no place like home,金窝银窝不如自家草窝,10
there's no point crying over spilt milk,覆水难收,10
there's no smoke without fire,无风不起浪,10
there's no time like the present,机不可失，时不再来,9
there's no use crying over spilt milk,覆水难收,10
there's none so blind as those who will not see,不见棺材不落泪,8
there's nowt so queer as folk,林子大了什么鸟都有,9
there's one born every minute,天下乌鸦一般黑，冤大头到处有,5
they hate us 'cause they ain't us,人红是非多,7
they that sow the wind shall reap the whirlwind,种瓜得瓜，种豆得豆,9
they'll do it every time,江山易改，本性难移,7
third time is a charm,事不过三,7
third time pays for all,事不过三,7
third time's a charm,事不过三,7
third time's the charm,事不过三,7
this too shall pass,否极泰来,8
this too shall pass away,否极泰来,8
those that have get,强者愈强，弱者愈弱,7
those that have get more,强者愈强，弱者愈弱,8
"those that have, get",强者愈强，弱者愈弱,7
"those that have, get more",强者愈强，弱者愈弱,8
those who do not learn from history are doomed to repeat it,前事不忘，后事之师,10
those who have get,强者愈强，弱者愈弱,7
those who have get more,强者愈强，弱者愈弱,8
"those who have, get",强者愈强，弱者愈弱,7
"those who have, get more",强者愈强，弱者愈弱,8
those who live in glass houses should not throw stones,己所不欲，勿施于人,7
those who live in glass houses shouldn't throw stones,己所不欲，勿施于人,7
those who say it cannot be done should not interrupt those doing it,空谈误国，实干兴邦,8
those who sleep with dogs will rise with fleas,近朱者赤近墨者黑,9
"those who will not when they may, when they will they shall have nay",机不可失失不再来,8
three strikes and you're out,事不过三,8
three times a charm,事不过三,7
"throw dirt enough, and some will stick",谣言多了就成了事实,7
throw enough mud at the wall and some of it will stick,谣言多了就成了事实,8
"throw enough mud at the wall, some of it will stick",谣言多了就成了事实,8
tide nor time tarrieth no man,岁月不待人,8
time and tide,光阴似箭,6
time and tide stay for no man,岁月不待人,9
time and tide tarry for no man,岁月不待人,9
time and tide wait for no man,岁月不待人,10
time flies,光阴似箭,10
time flies when you're having fun,乐极不知时日过,9
time heals,时间是最好的良药,9
time heals all hurts,时间是最好的良药,9
time heals all sorrows,时间是最好的良药,9
time heals all things,时间是最好的良药,8
time heals all wounds,时间是最好的良药,10
time heals every wound,时间是最好的良药,9
time is a great healer,时间是最好的良药,10
time is a great healer of all wounds,时间是最好的良药,9
time is money,一寸光阴一寸金,10
time is the great healer,时间是最好的良药,10
time is wasted without purpose,虚度光阴,7
timing is everything,时机就是一切,6
tis better to have loved and lost than never to have loved at all,曾经沧海难为水,5
"to a hammer, everything looks like a nail",一叶障目不见泰山,6
to be worn out is to be renewed,旧的不去新的不来,7
to each his own,各有所好,10
to each their own,各有所好,10
to err is human,人非圣贤孰能无过,10
"to err is human, to forgive divine",人非圣贤孰能无过,7
"to err is human; to forgive, divine",人非圣贤孰能无过,7
to the victor go the spoils,胜者为王败者为寇,9
to the victor the spoils,胜者为王败者为寇,9
to thine own self be true,不忘初心,7
to travel hopefully is a better thing than to arrive,重在过程,7
today is a good day to die,生死有命,6
tomorrow is another day,车到山前必有路,7
tomorrow never comes,明日复明日，明日何其多,9
"too little, too late",为时已晚,7
too many chefs spoil the broth,厨子多了烧坏汤,9
too many cooks spoil the broth,厨子多了烧坏汤,10
too many cooks spoil the soup,厨子多了烧坏汤,9
too many cooks spoil the stew,厨子多了烧坏汤,9
too many cooks spoils the broth,厨子多了烧坏汤,10
too much bed makes a dull head,饱食终日，无所用心,6
too much pudding will choke a dog,物极必反,7
too much rain makes a flood,过犹不及,9
too much water drowned the miller,水能载舟，亦能覆舟,8
"trust every man, but cut the cards",防人之心不可无,8
"trust everybody, but always cut the cards",防人之心不可无,8
"trust everybody, but always cut the deck",防人之心不可无,8
"trust everybody, but cut the cards",防人之心不可无,8
"trust everybody, but cut the deck",防人之心不可无,8
"trust your friends, but cut the cards",防人之心不可无,8
"trust, but verify",信任不等于放任,7
truth is more valuable if it takes you a few years to find it,黄金易得，知己难求,4
truth is stranger than fiction,事实胜于虚构,6
truth will out,纸包不住火,10
turn your face toward the sun and the shadows fall behind you,向阳而生,6
turnabout is fair play,以其人之道，还治其人之身,9
two birds with one stone,一石二鸟,10
two can play at that game,来而不往非礼也,7
two can play that game,来而不往非礼也,7
two heads are better than one,三个臭皮匠，赛过诸葛亮,10
"two is company, but three is a crowd",两人世界不容第三者,5
two wrongs do not make a right,不能以错纠错,7
two wrongs don't make a right,不能以错纠错,7
two's company and three is none,两人世界不容第三者,5
"two's company, three's a crowd",两人世界不容第三者,5
"two's company, three's trumpery",三人行，必有一杂,3
ugly is as ugly does,相由心生,7
underpromise and overdeliver,言必行，行必果,6
uneasy lies the head that wears a crown,高处不胜寒,10
union is strength,人心齐，泰山移,10
union makes strength,众人拾柴火焰高,10
united we bargain; divided we beg,抱成一团，力量无边,5
"united we stand, divided we fall",团结就是力量,10
unity is strength,众志成城,10
unity makes strength,同心合力，其利断金,9
"until the lions have their historians, tales of the hunt shall always glorify the hunter",成王败寇,6
up a creek without a paddle,泥菩萨过江，自身难保,8
use it or lose it,拳不离手，曲不离口,9
variety is the spice of life,换换口味吃得香,4
virtue is its own reward,善有善报,7
walk softly and carry a big stick,大智若愚，大巧若拙,5
walk softly but carry a big stick,闷声发大财,6
walls have ears,隔墙有耳,10
walnuts and pears you plant for your heirs,前人栽树，后人乘凉,10
"waste not, want not",俭以防匮,8
water finds its level,物以类聚，人以群分,7
water finds its own level,物以类聚，人以群分,7
water seeks its level,物以类聚，人以群分,7
water seeks its own level,物以类聚，人以群分,7
well begun is half done,良好的开端是成功的一半,10
well done is better than well said,行胜于言,10
what cannot be cured must be endured,既来之，则安之,8
what comes around goes around,种瓜得瓜，种豆得豆,9
what does not kill me makes me stronger,吃一堑，长一智,8
what doesn't kill you makes you stronger,吃一堑，长一智,8
what go round come round,善恶到头终有报,8
what goes around comes around,不是不报，时候未到,9
"what goes around, comes around",善有善报，恶有恶报,9
what goes round comes round,风水轮流转,8
what goes up must come down,盛极必衰,9
what happens in las vegas stays in las vegas,此地无外人,4
what happens in vegas stays in vegas,夜路不外传,3
what happens on the road stays on the road,此地无事不外传,2
what has been seen cannot be unseen,一失足成千古恨,3
what is learnt in the cradle lasts to the tombs,三岁看大，七岁看老,9
what is sauce for the goose is sauce for the gander,一碗水端平,8
"what the eye does not see, the heart does not grieve over",眼不见，心不烦,10
"what the eye doesn't see, the heart doesn't grieve over",眼不见，心不烦,10
what you gain on the swings you lose on the roundabouts,此消彼长,7
what you lose on the swings you gain on the roundabouts,有失必有得,8
what's bred in the bone will come out in the flesh,江山易改，本性难移,10
what's done cannot be undone,覆水难收,10
what's done is done,木已成舟,10
what's good for the goose is good for the gander,一碗水端平,9
what's old is new again,时来运转，旧貌换新颜,4
what's sauce for the goose is sauce for the gander,一碗水端平,9
whatever floats your boat,各有所好,9
"when all you have is a hammer, everything looks like a nail",一招鲜，吃遍天,4
"when america sneezes, the world catches a cold",城门失火，殃及池鱼,6
"when i see a bird that walks like a duck and swims like a duck and quacks like a duck, i call that bird a duck",听其言，观其行,6
"when in doubt, do nowt",观望不如行动,2
when in rome,入乡随俗,10
"when in rome, do as the romans",入乡随俗,10
"when in rome, do as the romans do",入乡随俗,10
"when in rome, do like the romans do",入乡随俗,10
when it rains it pours,祸不单行,10
"when it rains, it pours",祸不单行,10
"when life gives you lemons, make lemonade",化腐朽为神奇,6
"when one door closes, another door opens",塞翁失马，焉知非福,9
"when one door closes, another one opens",塞翁失马，焉知非福,9
"when one door closes, another opens",塞翁失马，焉知非福,9
"when one door shuts, another door opens",塞翁失马，焉知非福,9
"when one door shuts, another one opens",塞翁失马，焉知非福,9
"when one door shuts, another opens",塞翁失马，焉知非福,9
"when the cat is away, the mice will play",山中无老虎，猴子称大王,10
when the cat's away,山中无老虎，猴子称大王,8
when the cat's away the mice play,山中无老虎，猴子称大王,10
when the cat's away the mice will play,山中无老虎，猴子称大王,10
"when the going gets tough, the tough get going",艰难困苦，玉汝于成,9
"when the looting starts, the shooting starts",以暴易暴,6
"when you find yourself in a hole, the first thing to do is stop digging",悬崖勒马,8
"when you have seen one, you have seen them all",大同小异,7
"when you hear hoofbeats, look for horses, not zebras",不要庸人自扰,6
"when you hear hoofbeats, think horses, not zebras",不要庸人自扰,6
"when you hear hoofbeats, think of horses, not zebras",不要庸人自扰,6
"when you mess with the bull, you get the horns",玩火者必自焚,8
"when you're up to your neck in alligators, it's hard to remember that your initial objective was to drain the swamp",只见树木不见森林,6
where there is a will there is a way,有志者事竟成,10
"where there is a will, there is a way",有志者事竟成,10
where there is life there is hope,留得青山在不怕没柴烧,9
where there is muck there is brass,有付出才有收获,6
where there's a will there's a way,有志者事竟成,10
where there's muck there's brass,有付出才有收获,6
"where there's smoke, there's fire",无风不起浪,10
where you stand depends on where you sit,立场不同观点各异,7
"wherever you go, there you are",走到哪算哪,5
"whether you think you can, or you think you can't, you're right",信心比黄金更重要,6
"while the grass grows, the steed starves",远水解不了近渴,9
while there is life there is hope,留得青山在不怕没柴烧,9
"while there's life, there's hope",留得青山在不怕没柴烧,9
who keeps company with the wolf will learn to howl,近朱者赤近墨者黑,10
"who keeps company with wolves, will learn to howl",近朱者赤近墨者黑,10
who pays the piper calls the tune,拿人手短吃人嘴软,7
who will bell the cat,谁来当这个出头鸟,6
whom the gods love die young,好人不长命,7
why keep a dog and bark yourself,请神容易送神难,3
"win on sunday, sell on monday",打响名声好做买卖,6
winning is a great deodorant,成王败寇,5
"wins on sunday, sells on monday",打响名声好做买卖,6
with great power comes great responsibility,权力越大责任越大,9
woe to the vanquished,成王败寇,8
wonders will never cease,世事无奇不有,8
words cut deep,恶语伤人六月寒,10
work expands so as to fill the time available,磨洋工,6
"work smarter, not harder",笨鸟先飞不如巧匠一挥,5
worrying never did anyone any good,船到桥头自然直,8
worse things happen at sea,天塌不下来,5
yesterday is gone,覆水难收,8
yesterday's gone,覆水难收,8
you are never too old to learn,活到老学到老,10
you are what you eat,病从口入,6
you attract more flies with honey than vinegar,良言一句三冬暖,7
"you break it, you buy it",打碎赔偿,4
"you buy cheap, you get cheap",一分钱一分货,10
you can catch more flies with honey than vinegar,良言一句三冬暖,7
you can catch more flies with honey than with vinegar,良言一句三冬暖,7
you can have too much of a good thing,物极必反,9
"you can lead a horse to water, but you can't make her drink",师傅领进门，修行在个人,9
"you can lead a horse to water, but you can't make him drink",师傅领进门，修行在个人,9
"you can lead a horse to water, but you can't make it drink",师傅领进门，修行在个人,9
"you can lead a horse to water, but you cannot make it drink",师傅领进门，修行在个人,9
"you can lead horses to water, but you can't make them drink",师傅领进门，修行在个人,9
you can never/never can tell,世事难料,8
"you can take the monkey out of the jungle, but you can't take the jungle out of the monkey",江山易改，本性难移,10
you can't be half pregnant,骑墙两头不讨好,5
you can't break a stick in a bundle,团结就是力量,8
you can't break a twig in a bundle,团结就是力量,8
you can't break sticks in a bundle,团结就是力量,8
you can't catch old birds with chaff,姜还是老的辣,7
you can't fight city hall,民不与官斗,10
you can't fix stupid,朽木不可雕,9
you can't get a quart into a pint pot,心有余而力不足,6
you can't get something for nothing,天下没有免费的午餐,10
you can't go home again,物是人非,7
you can't judge a book by its cover,人不可貌相，海水不可斗量,10
you can't keep a good man down,是金子总会发光,9
"you can't live with 'em, you can't live without 'em",有它烦没它更烦,4
"you can't live with them, you can't live without them",有它烦没它更烦,4
you can't make a silk purse of a sow's ear,巧妇难为无米之炊,7
you can't make an omelette without breaking eggs,有得必有失,8
you can't outrun your fork,病从口入,6
you can't polish a turd,朽木不可雕也,9
you can't polish shit,朽木不可雕也,9
you can't pour from an empty cup,巧妇难为无米之炊,7
you can't put a wise head on young shoulders,少不更事,8
you can't put an old head on young shoulders,少不更事,8
you can't put the shit back in the horse,覆水难收,9
you can't put the toothpaste back in the tube,覆水难收,10
you can't put the toothpaste back into the tube,覆水难收,10
you can't run with the hare and hunt with the hounds,脚踏两只船,8
you can't step in the same river twice,人不能两次踏进同一条河流,10
you can't take it with you,生不带来死不带去,10
you can't teach an old dog new tricks,江山易改，本性难移,9
you can't tell a book by its cover,人不可貌相，海水不可斗量,10
you can't unring a bell,覆水难收,9
you can't win them all,胜败乃兵家常事,8
you cannot always get what you want,世事岂能尽如人意,10
you cannot break a stick in a bundle,团结就是力量,7
you cannot break a twig in a bundle,团结就是力量,7
you cannot break sticks in a bundle,团结就是力量,7
you cannot burn a candle at both ends,蜡烛两头烧,9
you cannot get blood out of a stone,巧妇难为无米之炊,7
you cannot have your cake and eat it too,鱼与熊掌不可兼得,10
you cannot make a silk purse from a sow's ear,朽木不可雕也,9
you cannot make an omelette without breaking eggs,有失才有得,6
you cannot make bricks without straw,巧妇难为无米之炊,10
you cannot please everyone,众口难调,10
you cannot put the same shoe on every foot,不能一刀切,8
you cannot run with the hare and hunt with the hounds,脚踏两只船,8
you cannot unscramble eggs,覆水难收,9
you cannot win them all,胜败乃兵家常事,8
you cannot) teach an old dog new tricks,江山易改，本性难移,9
you catch more flies with honey than vinegar,和气生财,7
you catch more flies with honey than with vinegar,和气生财,7
you don't get owt for nowt,一分耕耘一分收获,9
you don't get something for nothing,天下没有免费的午餐,10
you don't know what you've got till it's gone,失去了才懂得珍惜,9
you don't look at the mantelpiece when you poke the fire,饥不择食,7
you don't look at the mantelpiece when you're poking the fire,饥不择食,7
you don't miss the water till the well runs dry,井干方知水可贵,8
you don't need a weatherman to know which way the wind blows,不问可知,6
you either die a hero or live long enough to see yourself become the villain,英雄迟暮不如早退,4
you get more with a kind word and a gun than you do with a kind word alone,软硬兼施,8
you get what you pay for,一分钱一分货,10
you have to be good to be lucky,谋事在人，成事在天,6
you have to be in it to win it,不入虎穴，焉得虎子,8
you make the bed you lie in,自作自受,9
you may/might as well be hanged/hung for a sheep as (for) a lamb,横竖都是死，不如豁出去,6
you miss 100% of the shots you don't take,不试不知,7
you must have rocks in your head,脑子进水了,9
you never know what you've got till it's gone,失去了才懂得珍惜,10
you never miss the water till the well runs dry,井干方知水可贵,9
you never miss the water until the well runs dry,井干方知水可贵,9
you only get what you give,有付出才有回报,9
you only go around once,人生只有一次,7
you only go around once in life,人生只有一次,7
you only live once,人生只有一次,8
you pay your dime and you takes your chances,愿赌服输,8
you pay your money and you take your choice,愿打愿挨,7
you pays your money and you takes your chances,愿赌服输,8
you pays your money and you takes your choice,愿打愿挨,7
you pays your nickel and you takes your chances,愿赌服输,7
you pays your nickel and you takes your choice,愿打愿挨,7
you scratch my back and i will scratch yours,礼尚往来,9
you scratch my back and i'll scratch yours,礼尚往来,9
you snooze you lose,机不可失，时不再来,9
"you win some, you lose some",有得必有失,8
you'll never get if you never go,不入虎穴，焉得虎子,8
you're never fully dressed without a smile,笑一笑，十年少,7
you're never too old to learn,活到老，学到老,10
you're only as good as your last shift,好汉不提当年勇,6
you've got to be in it to win it,不入虎穴焉得虎子,9
you've got to crack a few eggs to make an omelette,有失才有得,8
you've got to separate the wheat from the chaff,去粗取精,8
you've made your bed and you must lie in/on it,自作自受,9
"your face, your fate",相由心生,6
your net worth is your network,多个朋友多条路,7
your network is your net worth,多个朋友多条路,7
your vibe attracts your tribe,物以类聚，人以群分,10
youth is wasted on the young,子欲养而亲不待,5
zeal without knowledge is a runaway horse,盲人骑瞎马,9
zeal without knowledge is fire without light,有勇无谋,8
a change is as good as a rest,调剂有益身心,6
a creaking door hangs longest,老猫难养,3
a dog is a man's best friend,狗是人类最忠实的朋友,8
a friend in need,患难见真情,10
a spoonful of sugar helps the medicine go down,良药苦口利于病,7
a spoonful of sugar makes the medicine go down,良药苦口利于病,7
actions have consequences,种瓜得瓜种豆得豆,9
actions speak louder than words,事实胜于雄辩,10
adversity makes strange bedfellows,同病相怜,6
age is just a number,岁月不饶人心不老,4
"all animals are equal, but some animals are more equal than others",只许州官放火不许百姓点灯,8
all cats are gray at night,夜路无贵贱,4
all cats are gray in the dark,黑灯瞎火看不出高低贵贱,5
all cats are grey at night,夜路无贵贱,4
all cats are grey by night,黑灯瞎火看不出高低贵贱,5
all cats are grey in the dark,黑灯瞎火看不出高低贵贱,5
all good things come to an end,天下没有不散的筵席,10
all good things come to him who waits,好事多磨,7
all good things must come to an end,天下没有不散的筵席,10
all hands on deck/to the pump,众人拾柴火焰高,9
all is fair in love and war,兵不厌诈,6
all is fish that comes to the net,来者不拒,6
all is for the best in the best of all possible worlds,一切都是最好的安排,8
all is grist that comes to the mill,来者不拒,7
all is well that ends well,结果好一切都好,8
all publicity is good publicity,有话题就有市场,4
all roads lead to mecca,条条大路通罗马,9
all roads lead to rome,条条大路通罗马,10
all roads lead to sydney,条条大路通罗马,8
all that glisters is not gold,人不可貌相海水不可斗量,9
all that glitters is not gold,金玉其外败絮其中,9
all that glitters/glistens is not gold,闪光的不都是金子,10
all the world loves a lover,有情人终成眷属,6
all the world's a stage,人生如戏,10
all things come to those who wait,好事多磨,7
all things excellent are as difficult as they are rare,物以稀为贵,7
all things must pass,天下没有不散的筵席,9
all work and no play makes jack a dull boy,劳逸结合,8
all you need is love,有情饮水饱,8
all's fair in love and war,兵不厌诈,6
all's fish that comes to the net,来者不拒,7
all's well that ends well,结果好就一切都好,8
almost doesn't count,差之毫厘失之千里,7
bis dat qui cito dat,雪中送炭,6
chicks before dicks,姐妹情深,5
"cold hands, warm heart",刀子嘴豆腐心,5
do as i say and not as i do,只许州官放火不许百姓点灯,7
do as i say not as i do,只许州官放火不许百姓点灯,9
do not sit in rome and strive with the pope,强龙不压地头蛇,8
does macy's tell gimbel's,同行是冤家,6
"dogs have masters, cats have staff",猫是主人狗是仆人,4
dogs have masters; cats have staff,猫是主人狗是仆人,4
don't buy green bananas,今朝有酒今朝醉,6
"early marriage, earlier pregnant",早婚早育,9
every accusation is a confession,此地无银三百两,7
extraordinary claims require extraordinary evidence,巧妇难为无米之炊,4
facts don't care about your feelings,事实胜于雄辩,9
fat is flavor,无肉不成席,7
fat is flavour,无肉不成席,7
"finders, keepers; losers, weepers",捡到就是赚到,6
fingers were made before forks,手抓才香,5
"fool me once, shame on you",一朝被蛇咬，十年怕井绳,7
free is for me,不花钱的最好,5
game is game,游戏归游戏,5
give a man a fish,授人以鱼不如授人以渔,10
"given enough eyeballs, all bugs are shallow",众人拾柴火焰高,9
good talk saves the food,好言一句三冬暖,6
good things come in threes,好事成三,6
great minds,英雄所见略同,9
hard cases make bad law,疑案难断,3
"hate the game, not the player",责人先责己,3
he who denied it supplied it,谁放的谁心里清楚,4
he who makes a beast out of himself gets rid of the pain of being a man,借酒浇愁愁更愁,4
"hunger never knows the taste, sleep never knows the comfort",饥不择食，寒不择衣,9
if it looks like a duck,像什么就是什么,3
"if you can't live longer, live deeper",不在乎天长地久，只在乎曾经拥有,7
"if you have never seen the bottom of the tree, you cannot know how tall it stands",不登高山，不知天之高；不临深溪，不知地之厚,8
"if you steal from one author, it is plagiarism; if you steal from many, it is research",博采众长,6
"if you torture the data long enough, it will confess to anything",欲加之罪，何患无辞,8
ignore all rules,我行我素,6
"in like a lion, out like a lamb",虎头蛇尾,9
"it ain't the meat, it's the motion",功夫在诗外,5
it doesn't matter what they say about you as long as they spell your name right,人怕出名猪怕壮,6
it is a wise child that knows his own father,知恩图报,3
"it is better to cultivate a land with two bulls, rather working under boss who never gives wage when asked",宁做鸡头，不做凤尾,6
it is better to travel hopefully than to arrive,重在过程，不在结果,7
it is like juggling sand,竹篮打水一场空,8
it took nixon to go to china,只有 Nixon 才能去中国,9
it's an ill wind,塞翁失马，焉知非福,8
it's better to be judged by twelve than to be carried by six,留得青山在，不怕没柴烧,7
"it's not the meat, it's the motion",功夫在诗外,5
kindness in words creates confidence. kindness in thinking creates profoundness. kindness in giving creates love,善言暖人心，善行暖人意,6
"knowledge is power, guard it well",知识就是力量,9
late lunch makes day go faster,忙中不觉时光过,4
"learn a language, and you will avoid a war",和为贵,3
let george do it,事不关己，高高挂起,6
let not the sun go down on your wrath,床头吵架床尾和,7
let sleeping aussies lie,别惹麻烦,3
"long ways, long lies",好事不出门，坏事传千里,3
loss and gain are brothers twain,有得必有失,9
love cannot be forced,强扭的瓜不甜,10
love conquers all,有情人终成眷属,7
love is blind,情人眼里出西施,10
love is love,情不知所起，一往而深,6
love makes the world go around,有情天地宽,6
love of money is the root of all evil,人为财死鸟为食亡,8
love will find a way,有情人终成眷属,8
"lucky at cards, unlucky in love",鱼与熊掌不可兼得,7
make hay while the sun shines,趁热打铁,9
make it do or do without,量入为出,7
make lemonade,化腐朽为神奇,6
make love not war,化干戈为玉帛,7
man does not live by bread alone,人活着不单靠面包,6
man is a wolf to man,人心不足蛇吞象,6
man plans and god laughs,谋事在人成事在天,8
"man proposes, god disposes",谋事在人成事在天,10
"man proposes, heaven disposes",谋事在人成事在天,10
man shall not live by bread alone,人活着不单靠面包,6
"man thinks, god laughs",谋事在人成事在天,8
manners maketh man,礼仪成就君子,5
many a little makes a mickle,积少成多,10
many a mickle makes a muckle,积少成多,10
many a true word is spoken in jest,戏言多有真意,7
many hands make light work,众人拾柴火焰高,10
marriages are made in heaven,姻缘天注定,9
"marry in haste, repent at leisure",仓促成婚必多悔,6
measure twice and cut once,三思而后行,8
"measure twice, cut once",三思而后行,8
men are blind in their own cause,当局者迷旁观者清,10
mess with the bull and you get the horns,玩火者必自焚,8
"mess with the bull, get the horns",玩火者必自焚,8
might is right,强权即公理,9
"money talks, wealth whispers",有钱能使鬼推磨,7
nature abhors a vacuum,真空不长,7
nature does not do anything in vain,大自然无无用之物,5
never fight a land war in asia,知己知彼，百战不殆,4
never give advice unless asked,忠言逆耳少人听,5
no friends but the mountains,靠山山倒，靠人人跑,8
"no names, no pack-drill",此事只可意会不可言传,4
no one ever went broke underestimating the intelligence of the american public,永远不要低估群众的愚蠢,6
no one ever went broke underestimating the taste of the american people,永远不要低估群众的品味,5
no one ever went broke underestimating the taste of the american public,永远不要低估群众的品味,5
nobody ever went broke underestimating the good taste of the american people,永远不要低估群众的品味,5
nobody ever went broke underestimating the good taste of the american public,永远不要低估群众的品味,5
nobody ever went broke underestimating the intelligence of the american people,永远不要低估群众的愚蠢,6
nobody ever went broke underestimating the intelligence of the american public,永远不要低估群众的愚蠢,6
nobody ever went broke underestimating the taste of the american people,永远不要低估群众的品味,5
nobody ever went broke underestimating the taste of the american public,永远不要低估群众的品味,5
old sins have long shadows,旧账难消,6
"old soldiers never die, (they simply/just fade away)",老兵不死，只是渐凋零,8
on the internet nobody knows you're a dog,在网上没人知道你是一条狗,9
"on the internet, nobody knows you're a dog",在网上没人知道你是一条狗,9
"once a man, twice a boy",一次为人，两次为孩,3
"once a man, twice a child",人老还童,7
"once a thief, always a thief",江山易改，本性难移,10
"once a woman, twice a child",人老还童,5
"once a(n) _, always a(n",江山易改，本性难移,8
once an adult and twice a child,人老还童,7
"once an adult, twice a child",人老还童,7
"once bitten, twice shy",一朝被蛇咬，十年怕井绳,10
"once burned, twice cautious",一朝被蛇咬，十年怕井绳,9
"once burned, twice shy",一朝被蛇咬，十年怕井绳,10
"once hurt, twice shy",一朝被蛇咬，十年怕井绳,10
"once on shore, we pray no more",过河拆桥,9
one bad apple can spoil the barrel,一颗老鼠屎坏了一锅粥,10
one bad apple can spoil the whole bunch,一颗老鼠屎坏了一锅粥,10
one bad turn deserves another,冤冤相报何时了,7
one can run but one can't hide,法网恢恢，疏而不漏,9
one can't break a stick in a bundle,众人拾柴火焰高,8
one can't break a twig in a bundle,众人拾柴火焰高,8
one can't break sticks in a bundle,众人拾柴火焰高,8
one can't carry two watermelons under one arm,一心不可二用,8
one can't hold two watermelons in one hand,一心不可二用,8
"one can't live with them, one can't live without them",有它烦没它更烦,6
one cannot break a stick in a bundle,众人拾柴火焰高,8
one cannot break a twig in a bundle,众人拾柴火焰高,8
one good turn deserves another,投桃报李,10
one hair of a woman can draw more than a hundred pair of oxen,红颜祸水,5
one half of the world does not know how the other half lives,朱门酒肉臭，路有冻死骨,7
one hand can't hold two watermelons,一心不可二用,8
one hand washes the other,礼尚往来,8
one kind word can warm three winter months,良言一句三冬暖,10
one law for the rich and another for the poor,王子犯法与庶民不同罪,7
one man's fish is another man's poison,甲之蜜糖，乙之砒霜,10
one man's fish is another man's poisson,甲之蜜糖，乙之砒霜,10
one man's loss is another man's gain,此消彼长,8
one man's meat is another man's poison,甲之蜜糖，乙之砒霜,10
out of sight is out of mind,眼不见心不烦,9
"out of sight, out of mind",眼不见心不烦,9
out of the frying pan and into the fire,刚出狼窝，又入虎口,9
out of the mouths of babes,童言无忌,8
out of the mouths of babes and sucklings,童言无忌,8
"outta sight, outta mind",眼不见心不烦,9
patience is a virtue,心急吃不了热豆腐,8
pearls of wisdom,金玉良言,9
penny wise and pound foolish,贪小便宜吃大亏,10
"penny, penny. makes many",积少成多,10
people that live in glass houses should not throw stones,己所不欲，勿施于人,8
people that live in glass houses shouldn't throw stones,己所不欲，勿施于人,8
"people who have, get",钱生钱，利滚利,7
"people who have, get more",强者愈强，弱者愈弱,7
people who live in glass houses should not throw stones,己所不欲，勿施于人,8
a dumb priest never got a parish,会哭的孩子有奶吃,7
a man can do what he wills but he cannot will what he wills,江山易改，本性难移,6
a) swarm in may is worth a load of hay; a swarm in june is worth a silver spoon; but a swarm in july is not worth a fly,一日之计在于晨，一年之计在于春,6
all politics are local,天下大事，必作于细,4
all politics is local,天下大事，必作于细,4
all that glitters,闪光的不都是金子,9
another day in paradise,身在福中不知福,5
as queer as a three dollar bill,稀奇古怪,3
ask my companion if i be a thief,贼喊捉贼,8
buy the same horse twice,一脚踏进同一条河,3
common sense is neither common nor sensical,世上不缺聪明人，只缺常识,3
denial is not a river in egypt,掩耳盗铃,6
"february fill dyke, be it black or be it white",春雨贵如油,4
fool me once,一朝被蛇咬，十年怕井绳,7
"he who can, does; he who cannot, teaches",会者不难，难者不会,4
knee-high by the fourth of july,麦苗过膝收成欢,5
love the sinner but hate the sin,恨其罪不恨其人,9
"love the sinner, hate the sin",恨其罪不恨其人,9
mackerel sky and mare's-tails make lofty ships carry low sails,鱼鳞天，不雨也风颠,8
mackerel sky and mare's-tails make tall ships carry low sails,鱼鳞天，不雨也风颠,8
march comes in like a lion and goes out like a lamb,三月不知肉味,3
memory is the treasure of the mind,好记性不如烂笔头,4
milking the bull,缘木求鱼,9
mocking is catching,常在河边走，哪有不湿鞋,4
money won is twice as sweet as money earned,不劳而获最得意,6
nearly never bulled a cow,差之毫厘，失之千里,9
one should never meet one's heroes,英雄近看也是凡人,5
only fools and horses work,只有牛马才干活,4
only the good die young,好人不长命，祸害遗千年,9
people who live in glass houses shouldn't throw stones,己所不欲，勿施于人,8
perfect is the enemy of good,不要让完美成为好事的敌人,6
perfect is the enemy of good enough,过犹不及,8
perfection is the enemy of good,过犹不及,8
"physician, heal thyself",医不自治,9
pitchers have ears,隔墙有耳,10
"play stupid games, win stupid prizes",自作自受,9
plus ça change,江山易改，本性难移,7
possession is nine points of the law,先下手为强,4
possession is nine-tenths of the law,先下手为强,4
"power corrupts, absolute power corrupts absolutely",权力导致腐败，绝对的权力导致绝对的腐败,8
power corrupts; absolute power corrupts absolutely,权力导致腐败，绝对的权力导致绝对的腐败,8
practice makes perfect,熟能生巧,10
practice makes progress,学无止境,6
practice what you preach,言行一致,9
preaching to the choir,对牛弹琴,5
pressure makes diamonds,玉不琢不成器,8
prevention is better than cure,防患于未然,10
pride comes before a fall,骄兵必败,10
pride comes before the fall,骄兵必败,10
pride comes/goes before a fall,骄兵必败,10
pride cometh before a fall,骄兵必败,10
pride goes before a fall,骄兵必败,10
pride goeth before a fall,骄兵必败,10
pride wenteth before a fall,骄兵必败,9
procrastination is the thief of time,一寸光阴一寸金，寸金难买寸光阴,8
proverbs come in pairs,成语成双，俗语成对,3
proverbs go in pairs,成语成双，俗语成对,3
proverbs hunt in pairs,成语成双，俗语成对,3
proverbs often come in pairs,成语成双，俗语成对,3
proverbs run in pairs,成语成双，俗语成对,3
put one's hand to the plough,一不做二不休,6
put your best foot forward,全力以赴,9
put your money where your mouth is,拿出真金白银来说话,7
putting the cart before the horse,本末倒置,10
quidquid latine dictum sit altum videtur,洋文一说就高大上,4
"race on sunday, sell on monday",赛场是最好的广告,5
rain does not fall on one roof alone,福无双至，祸不单行,6
"ready, fire, aim",先上车后补票,7
reason is the slave of passion,一念之差，误尽一生,4
"red sky at night shepherd's delight; red sky in the morning, shepherd's warning",早霞不出门，晚霞行千里,9
"red sky at night, sailors' delight; red sky at morn, sailors forlorn",早霞不出门，晚霞行千里,9
"red sky at night, sailors' delight; red sky at morning, sailors take warning",早霞不出门，晚霞行千里,9
"red sky at night, sailors' delight; red sky in the morn, sailors forlorn",早霞不出门，晚霞行千里,9
"red sky at night, shepherds' delight; red sky at morning, shepherds' warning",早霞不出门，晚霞行千里,9
"red sky at night, shepherds' delight; red sky in the morning, shepherds' warning",早霞不出门，晚霞行千里,9
render unto caesar the things which are caesar's,各归各位，各得其所,6
"repetition, repetition, repetition",熟能生巧,10
"respect is not given, it is earned",要人敬，先自敬,9
revenge is a dish best served cold,君子报仇，十年不晚,10
revenge is sweet,报仇雪恨，快意非常,7
revolutions are not made with rosewater,革命不是请客吃饭,10
silence is oppression,沉默也是一种暴力,7
sisters before misters,姐妹情深胜过儿女情长,5
small rain lays great dust,细雨能润万物,4
snitches get stitches,多嘴惹祸,6
snitches get stitches and end up in ditches,多嘴惹祸,5
snitches get stitches and wind up in ditches,多嘴惹祸,5
so far so bad,每况愈下,7
sometimes we are the student. sometimes we are the master. and sometimes we are merely the lesson,三人行，必有我师,5
"sticks and stones may break my bones, but words will never hurt me",清者自清，浊者自浊,5
success is a great deodorant,成王败寇,6
"talk of angels, and hear the flutter of their wings",说曹操曹操到,8
that which has been seen cannot be unseen,一失足成千古恨,6
the comeback is greater than the setback,东山再起,8
the devil looks after his own,老天自有安排,4
the devil takes care of his own,老天自有安排,4
the devil you know,明枪易躲暗箭难防,3
the exception which proves the rule,物极必反,3
the family that prays together stays together,家和万事兴,9
the freaks come out at night,夜长梦多,4
the grey mare is the better horse,巾帼不让须眉,9
the longest pole knocks the persimmon,枪打出头鸟,3
the lord works in mysterious ways,上帝自有安排,8
"the more one learns about people, the more one likes one's pet",人心隔肚皮,6
"the odds are good, but the goods are odd",好货不便宜，便宜没好货,5
the only way to understand a woman is to love her,唯有情字最难解,3
the revolution will not be televised,星星之火，可以燎原,5
the stupid monkey knows not to eat the banana skin,连三岁小孩都知道,4
the world is one's lobster,前途无量,4
there are more horses' asses than horses,林子大了什么鸟都有,8
there are no atheists in foxholes,人在做天在看,4
there is no such thing as bad press,有话题就有市场,3
there is no such thing as bad publicity,有话题就有市场,4
"there is no such thing as bad weather, only bad clothing",人定胜天,3
there is nothing more permanent than a temporary solution,临时的往往变成永久的,5
there is reason in the roasting of eggs,事出必有因,9
there's no business like show business,台上一分钟，台下十年功,4
"those who can't do, teach",会的教不会的，看热闹,2
those who know many languages live as many lives as the languages they know,多一门语言多一条路,8
time goes by slowly when you are living intensely,度日如年,5
time spent laughing is time spent with the gods,笑一笑十年少,9
to learn a language is to have one more window from which to look at the world,多一门语言多一扇窗,9
tokens get spent,有借有还，再借不难,2
treat 'em mean to keep 'em keen,若即若离,6
"treat 'em mean, keep 'em keen",若即若离,6
"treat them mean, keep them keen",若即若离,6
two wrongs make a right,错上加错不能成理,5
watched toast never burns,心急锅不开,8
we are where we are,船到桥头自然直,6
what is the worst that can happen,车到山前必有路,6
what the eye does not see,眼不见心不烦,10
what wins on sunday sells on monday,酒香不怕巷子深,7
where there is a will,有志者事竟成,10
where there's no sense there's no feeling,初生牛犊不怕虎,5
why buy the cow when you can get the milk for free,不花钱的最贵,4
you cannot push a rope,强扭的瓜不甜,8
you don't dip your pen in company ink,公私要分明,6
you don't dip your pen in the company's ink,公私要分明,6
you don't fish off the company pier,公私要分明,6
a language is a dialect with an army and navy,"",1
a watched man never plays,"",1
absence makes the heart go yonder,"",1
another happy landing,"",1
any hole's a goal,"",1
"beer before liquor, never been sicker; liquor before beer, you're in the clear","",1
being poor is a mindset,穷则思变,4
being poor is a state of mind,心穷比身穷更可怕,5
better dead than red,"",1
"bi now, gay later","",1
claret would be port if it could,"",1
"courage is the measure of a man, beauty is the measure of a woman",男看志气女看貌,6
criss-cross applesauce,"",1
do not sympathize with those who can not empathize,不经他人苦，莫劝他人善,7
don't drop the soap,"",1
"drop acid, not bombs","",1
"easy, times easy, is still easy","",1
ecree,"",1
"feed a cold, starve a fever","",1
"gender is between your ears, not between your legs","",1
"get woke, go broke","",1
"go fash, lose cash","",1
"go woke, go broke","",1
here we are,"",1
hoes before bros,"",1
hydrate or diedrate,"",1
"i before e, except after c","",1
iar,"",1
"if there's grass on the field, play ball","",1
"if there's grass on the pitch, play ball","",1
"if there's grass on the wicket, let's play cricket","",1
"if you go far enough left, you get your guns back","",1
it is on,"",1
it wasn't only only,"",1
iura novit curia,"",1
"leaves of three, let it be","",1
lex dubia non obligat,"",1
lie back and think of england,"",1
like) trying to grow a goose,"",1
"men get spoiled by staying, women get spoiled by wandering",男不离家女不出门,6
misters before sisters,"",1
"monday's child is fair of face, tuesday's child is full of grace, wednesday's child is full of woe, thursday's child has far to go, friday's child is loving and giving, saturday's child works hard for its living, and a child that is born on the sabbath day is fair and wise and good and gay",一命二运三风水,3
nine tailors make a man,"",1
"nine you're fine, ten you're mine","",1
"no hymen, no diamond",娶妻娶德不娶色,3
of course my horse,"",1
"once you go black, you never go back","",1
ontogeny recapitulates phylogeny,"",1
parsley seed goes nine times to the devil,"",1
"pink sky at night, sailors' delight; pink sky at morning, sailors take warning",早霞不出门晚霞行千里,9
"pink sky at night, sailors' delight; pink sky in the morning, sailors take warning",早霞不出门晚霞行千里,9
poor is a mindset,穷则思变,4
poor is a state of mind,穷则思变,4
poorness is a state of mind,穷则思变,4
poverty is a mindset,穷则思变,4
poverty is a state of mind,穷则思变,4
proverbs should be sold in pairs,"",1
proverbs should be writ in pairs,"",1
proverbs should come in pairs,"",1
proverbs should go in pairs,"",1
real men don't eat quiche,男儿有泪不轻弹,3
scratch a liberal and a fascist bleeds,"",1
scratch a liberal and you'll find a fascist,"",1
"sell in may, then go away",股市有风险入市须谨慎,2
"sell in may, then stay away",股市有风险入市须谨慎,2
semper ubi sub ubi,"",1
smooth move,"",1
sore boob means more boob,"",1
spitters are quitters,"",1
the first turn of the screw pays all debts,"",1
the fucking you get isn't worth the fucking you get,"",1
the fucking you get isn't worth the fucking you take,"",1
the fucking you get isn't worth the fucking you're going to get,"",1
the old wooden spoon beats me down,"",1
the screwing you get isn't worth the screwing you get,"",1
the screwing you get isn't worth the screwing you take,"",1
the screwing you get isn't worth the screwing you're going to get,"",1
wanton kittens make sober cats,浪子回头金不换,6
"when the oak is before the ash, then you will only get a splash; when the ash is before the oak, then you may expect a soak",蚂蚁搬家蛇过道明天必有大雨到,5
whoever smelt it dealt it,"",1
why buy a book when you can join a library,何必买牛但求牛奶,6
woman is the root of both good and evil,"",1
wrap it before you tap it,小心驶得万年船,5
y'all means all,言必行行必果,4
you can't turn a hoe into a housewife,江山易改本性难移,9
you don't dip your pen in the inkwell,公私分明,5
you don't get your nookie where you get your cookies,公私分明,6
you must spoil before you spin,不破不立,5
"you smelt it, you dealt it","",1
